Name,Chr,Start,End,Overlap,Gene
NC_019859.2:459022,NC_019859.2,459022,459022,Near_aDEG,kat14
NC_019859.2:891713,NC_019859.2,891713,891713,Near_aDEG,wdr17
NC_019859.2:1313654,NC_019859.2,1313654,1313654,Near_aDEG,LOC101160958
NC_019859.2:2908560,NC_019859.2,2908560,2908560,Near_aDEG,LOC101165692
NC_019859.2:3123831,NC_019859.2,3123831,3123831,Near_aDEG,acox1
NC_019859.2:3123977,NC_019859.2,3123977,3123977,Near_aDEG,acox1
NC_019859.2:3124530,NC_019859.2,3124530,3124530,Near_aDEG,acox1
NC_019859.2:3124541,NC_019859.2,3124541,3124541,Near_aDEG,acox1
NC_019859.2:3124545,NC_019859.2,3124545,3124545,Near_aDEG,acox1
NC_019859.2:3124583,NC_019859.2,3124583,3124583,Near_aDEG,acox1
NC_019859.2:6639183,NC_019859.2,6639183,6639183,Near_aDEG,vegfc
NC_019859.2:6725949,NC_019859.2,6725949,6725949,Near_aDEG,LOC101163053
NC_019859.2:7013628,NC_019859.2,7013628,7013628,Near_aDEG,LOC101163788
NC_019859.2:7044755,NC_019859.2,7044755,7044755,Near_aDEG,LOC101163788
NC_019859.2:8336435,NC_019859.2,8336435,8336435,Near_aDEG,igfbp4
NC_019859.2:8336446,NC_019859.2,8336446,8336446,Near_aDEG,igfbp4
NC_019859.2:8336449,NC_019859.2,8336449,8336449,Near_aDEG,igfbp4
NC_019859.2:8956563,NC_019859.2,8956563,8956563,Near_aDEG,pik3r6
NC_019859.2:8980366,NC_019859.2,8980366,8980366,Near_aDEG,pik3r6
NC_019859.2:9259098,NC_019859.2,9259098,9259098,Near_aDEG,usp43
NC_019859.2:10358554,NC_019859.2,10358554,10358554,Near_aDEG,fdx1l
NC_019859.2:10363393,NC_019859.2,10363393,10363393,Near_aDEG,fdx1l
NC_019859.2:11292914,NC_019859.2,11292914,11292914,Near_aDEG,LOC101165944
NC_019859.2:11293314,NC_019859.2,11293314,11293314,Near_aDEG,LOC101165944
NC_019859.2:11293319,NC_019859.2,11293319,11293319,Near_aDEG,LOC101165944
NC_019859.2:11293324,NC_019859.2,11293324,11293324,Near_aDEG,LOC101165944
NC_019859.2:11318157,NC_019859.2,11318157,11318157,Near_aDEG,LOC101165944
NC_019859.2:11318167,NC_019859.2,11318167,11318167,Near_aDEG,LOC101165944
NC_019859.2:11388984,NC_019859.2,11388984,11388984,Near_aDEG,LOC101165944
NC_019859.2:11490182,NC_019859.2,11490182,11490182,Near_aDEG,LOC101165944
NC_019859.2:17858295,NC_019859.2,17858295,17858295,Near_aDEG,inpp4b
NC_019859.2:17858306,NC_019859.2,17858306,17858306,Near_aDEG,inpp4b
NC_019859.2:17948752,NC_019859.2,17948752,17948752,Near_aDEG,inpp4b
NC_019859.2:17973316,NC_019859.2,17973316,17973316,Near_aDEG,inpp4b
NC_019859.2:20394490,NC_019859.2,20394490,20394490,Near_aDEG,mtnr1a
NC_019859.2:20394530,NC_019859.2,20394530,20394530,Near_aDEG,mtnr1a
NC_019859.2:20884726,NC_019859.2,20884726,20884726,Near_aDEG,tnip2
NC_019859.2:20884801,NC_019859.2,20884801,20884801,Near_aDEG,tnip2
NC_019859.2:24549781,NC_019859.2,24549781,24549781,Near_aDEG,pdgfb
NC_019859.2:26599773,NC_019859.2,26599773,26599773,Near_aDEG,LOC101155324
NC_019859.2:26611312,NC_019859.2,26611312,26611312,Near_aDEG,LOC101155324
NC_019859.2:28329222,NC_019859.2,28329222,28329222,Near_aDEG,aspip
NC_019859.2:28329244,NC_019859.2,28329244,28329244,Near_aDEG,aspip
NC_019859.2:28830032,NC_019859.2,28830032,28830032,Near_aDEG,npb
NC_019859.2:28874414,NC_019859.2,28874414,28874414,Near_aDEG,pcyt2
NC_019859.2:29040088,NC_019859.2,29040088,29040088,Near_aDEG,LOC101157351
NC_019859.2:29040090,NC_019859.2,29040090,29040090,Near_aDEG,LOC101157351
NC_019859.2:31630541,NC_019859.2,31630541,31630541,Near_aDEG,LOC101168184
NC_019859.2:33674675,NC_019859.2,33674675,33674675,Near_aDEG,LOC101166694
NC_019859.2:33676344,NC_019859.2,33676344,33676344,Near_aDEG,LOC101166694
NC_019859.2:33677739,NC_019859.2,33677739,33677739,Near_aDEG,LOC101166694
NC_019859.2:33677752,NC_019859.2,33677752,33677752,Near_aDEG,LOC101166694
NC_019859.2:33677780,NC_019859.2,33677780,33677780,Near_aDEG,LOC101166694
NC_019859.2:33677809,NC_019859.2,33677809,33677809,Near_aDEG,LOC101166694
NC_019859.2:33683932,NC_019859.2,33683932,33683932,Near_aDEG,LOC101166694
NC_019859.2:37137896,NC_019859.2,37137896,37137896,Near_aDEG,micu3
NC_019859.2:37137910,NC_019859.2,37137910,37137910,Near_aDEG,micu3
NC_019859.2:37142483,NC_019859.2,37142483,37142483,Near_aDEG,micu3
NC_019860.2:521846,NC_019860.2,521846,521846,Near_aDEG,LOC101168923
NC_019860.2:522012,NC_019860.2,522012,522012,Near_aDEG,LOC101168923
NC_019860.2:522049,NC_019860.2,522049,522049,Near_aDEG,LOC101168923
NC_019860.2:522482,NC_019860.2,522482,522482,Near_aDEG,LOC101168923
NC_019860.2:522486,NC_019860.2,522486,522486,Near_aDEG,LOC101168923
NC_019860.2:522489,NC_019860.2,522489,522489,Near_aDEG,LOC101168923
NC_019860.2:522710,NC_019860.2,522710,522710,Near_aDEG,LOC101168923
NC_019860.2:522715,NC_019860.2,522715,522715,Near_aDEG,LOC101168923
NC_019860.2:522737,NC_019860.2,522737,522737,Near_aDEG,LOC101168923
NC_019860.2:522751,NC_019860.2,522751,522751,Near_aDEG,LOC101168923
NC_019860.2:522773,NC_019860.2,522773,522773,Near_aDEG,LOC101168923
NC_019860.2:522891,NC_019860.2,522891,522891,Near_aDEG,LOC101168923
NC_019860.2:5871793,NC_019860.2,5871793,5871793,Near_aDEG,LOC111948725
NC_019860.2:11551913,NC_019860.2,11551913,11551913,Near_aDEG,LOC101170654
NC_019860.2:13351546,NC_019860.2,13351546,13351546,Near_aDEG,LOC101156068
NC_019860.2:13351562,NC_019860.2,13351562,13351562,Near_aDEG,LOC101156068
NC_019860.2:13356710,NC_019860.2,13356710,13356710,Near_aDEG,LOC101156068
NC_019860.2:13356730,NC_019860.2,13356730,13356730,Near_aDEG,LOC101156068
NC_019860.2:13420491,NC_019860.2,13420491,13420491,Near_aDEG,LOC101156068
NC_019860.2:13420505,NC_019860.2,13420505,13420505,Near_aDEG,LOC101156068
NC_019860.2:16322390,NC_019860.2,16322390,16322390,Near_aDEG,atp5f1b
NC_019860.2:16550512,NC_019860.2,16550512,16550512,Near_aDEG,LOC101159411
NC_019860.2:16550515,NC_019860.2,16550515,16550515,Near_aDEG,LOC101159411
NC_019860.2:16598005,NC_019860.2,16598005,16598005,Near_aDEG,LOC101165686
NC_019860.2:16609617,NC_019860.2,16609617,16609617,Near_aDEG,LOC101165686
NC_019860.2:17509423,NC_019860.2,17509423,17509423,Near_aDEG,LOC101156234
NC_019860.2:17509469,NC_019860.2,17509469,17509469,Near_aDEG,LOC101156234
NC_019860.2:17509511,NC_019860.2,17509511,17509511,Near_aDEG,LOC101156234
NC_019860.2:17509615,NC_019860.2,17509615,17509615,Near_aDEG,LOC101156234
NC_019860.2:17509661,NC_019860.2,17509661,17509661,Near_aDEG,LOC101156234
NC_019860.2:17515993,NC_019860.2,17515993,17515993,Near_aDEG,LOC101156234
NC_019860.2:20699380,NC_019860.2,20699380,20699380,Near_aDEG,arhgap6
NC_019860.2:20715227,NC_019860.2,20715227,20715227,Near_aDEG,arhgap6
NC_019860.2:20722947,NC_019860.2,20722947,20722947,Near_aDEG,arhgap6
NC_019860.2:20725287,NC_019860.2,20725287,20725287,Near_aDEG,arhgap6
NC_019860.2:20725293,NC_019860.2,20725293,20725293,Near_aDEG,arhgap6
NC_019860.2:20725338,NC_019860.2,20725338,20725338,Near_aDEG,arhgap6
NC_019860.2:20734155,NC_019860.2,20734155,20734155,Near_aDEG,arhgap6
NC_019860.2:21835025,NC_019860.2,21835025,21835025,Near_aDEG,adamts1
NC_019860.2:21835034,NC_019860.2,21835034,21835034,Near_aDEG,adamts1
NC_019860.2:21836885,NC_019860.2,21836885,21836885,Near_aDEG,adamts1
NC_019860.2:24302459,NC_019860.2,24302459,24302459,Near_aDEG,LOC101174406
NC_019860.2:24353799,NC_019860.2,24353799,24353799,Near_aDEG,hdac4
NC_019861.2:1204633,NC_019861.2,1204633,1204633,Near_aDEG,LOC101167922
NC_019861.2:1204650,NC_019861.2,1204650,1204650,Near_aDEG,LOC101167922
NC_019861.2:1915462,NC_019861.2,1915462,1915462,Near_aDEG,slc22a18
NC_019861.2:1915502,NC_019861.2,1915502,1915502,Near_aDEG,slc22a18
NC_019861.2:5425883,NC_019861.2,5425883,5425883,Near_aDEG,vps13c
NC_019861.2:5428191,NC_019861.2,5428191,5428191,Near_aDEG,vps13c
NC_019861.2:11515457,NC_019861.2,11515457,11515457,Near_aDEG,LOC101166699
NC_019861.2:11521346,NC_019861.2,11521346,11521346,Near_aDEG,LOC101166699
NC_019861.2:11562264,NC_019861.2,11562264,11562264,Near_aDEG,LOC101166699
NC_019861.2:11575423,NC_019861.2,11575423,11575423,Near_aDEG,LOC101166699
NC_019861.2:11575479,NC_019861.2,11575479,11575479,Near_aDEG,LOC101166699
NC_019861.2:11612574,NC_019861.2,11612574,11612574,Near_aDEG,LOC101166699
NC_019861.2:11612578,NC_019861.2,11612578,11612578,Near_aDEG,LOC101166699
NC_019861.2:11630507,NC_019861.2,11630507,11630507,Near_aDEG,LOC101166699
NC_019861.2:11690555,NC_019861.2,11690555,11690555,Near_aDEG,LOC101166699
NC_019861.2:11690637,NC_019861.2,11690637,11690637,Near_aDEG,LOC101166699
NC_019861.2:12783835,NC_019861.2,12783835,12783835,Near_aDEG,shc4
NC_019861.2:12783858,NC_019861.2,12783858,12783858,Near_aDEG,shc4
NC_019861.2:12784036,NC_019861.2,12784036,12784036,Near_aDEG,shc4
NC_019861.2:12807864,NC_019861.2,12807864,12807864,Near_aDEG,cops2
NC_019861.2:12807867,NC_019861.2,12807867,12807867,Near_aDEG,cops2
NC_019861.2:12807894,NC_019861.2,12807894,12807894,Near_aDEG,cops2
NC_019861.2:17822456,NC_019861.2,17822456,17822456,Near_aDEG,LOC101170257
NC_019861.2:17822480,NC_019861.2,17822480,17822480,Near_aDEG,LOC101170257
NC_019861.2:18458873,NC_019861.2,18458873,18458873,Near_aDEG,fam189a1
NC_019861.2:18516733,NC_019861.2,18516733,18516733,Near_aDEG,fam189a1
NC_019861.2:18538737,NC_019861.2,18538737,18538737,Near_aDEG,fam189a1
NC_019861.2:18989408,NC_019861.2,18989408,18989408,Near_aDEG,LOC101165134
NC_019861.2:18989419,NC_019861.2,18989419,18989419,Near_aDEG,LOC101165134
NC_019861.2:18989426,NC_019861.2,18989426,18989426,Near_aDEG,LOC101165134
NC_019861.2:18995493,NC_019861.2,18995493,18995493,Near_aDEG,LOC101165134
NC_019861.2:19308305,NC_019861.2,19308305,19308305,Near_aDEG,LOC101164878
NC_019861.2:19381511,NC_019861.2,19381511,19381511,Near_aDEG,rras2
NC_019861.2:19381524,NC_019861.2,19381524,19381524,Near_aDEG,rras2
NC_019861.2:19381797,NC_019861.2,19381797,19381797,Near_aDEG,rras2
NC_019861.2:19990086,NC_019861.2,19990086,19990086,Near_aDEG,lyve1
NC_019861.2:19990090,NC_019861.2,19990090,19990090,Near_aDEG,lyve1
NC_019861.2:19990096,NC_019861.2,19990096,19990096,Near_aDEG,lyve1
NC_019861.2:21046368,NC_019861.2,21046368,21046368,Near_aDEG,usp10
NC_019861.2:21607837,NC_019861.2,21607837,21607837,Near_aDEG,prtg
NC_019861.2:21806808,NC_019861.2,21806808,21806808,Near_aDEG,got2
NC_019861.2:22511343,NC_019861.2,22511343,22511343,Near_aDEG,LOC101160970
NC_019861.2:22512398,NC_019861.2,22512398,22512398,Near_aDEG,LOC101160970
NC_019861.2:24960401,NC_019861.2,24960401,24960401,Near_aDEG,LOC101170336
NC_019861.2:25652752,NC_019861.2,25652752,25652752,Near_aDEG,LOC101171817
NC_019861.2:27058741,NC_019861.2,27058741,27058741,Near_aDEG,trpm7
NC_019861.2:29688977,NC_019861.2,29688977,29688977,Near_aDEG,LOC101162827
NC_019861.2:29688990,NC_019861.2,29688990,29688990,Near_aDEG,LOC101162827
NC_019861.2:29688998,NC_019861.2,29688998,29688998,Near_aDEG,LOC101162827
NC_019861.2:29689041,NC_019861.2,29689041,29689041,Near_aDEG,LOC101162827
NC_019861.2:30236518,NC_019861.2,30236518,30236518,Near_aDEG,nod2
NC_019861.2:31090341,NC_019861.2,31090341,31090341,Near_aDEG,LOC101166706
NC_019861.2:31310051,NC_019861.2,31310051,31310051,Near_aDEG,LOC101160641
NC_019861.2:31310063,NC_019861.2,31310063,31310063,Near_aDEG,LOC101160641
NC_019862.2:1111242,NC_019862.2,1111242,1111242,Near_aDEG,cbr4
NC_019862.2:1111293,NC_019862.2,1111293,1111293,Near_aDEG,cbr4
NC_019862.2:1111395,NC_019862.2,1111395,1111395,Near_aDEG,cbr4
NC_019862.2:1111410,NC_019862.2,1111410,1111410,Near_aDEG,cbr4
NC_019862.2:1111512,NC_019862.2,1111512,1111512,Near_aDEG,cbr4
NC_019862.2:1509367,NC_019862.2,1509367,1509367,Near_aDEG,LOC101159252
NC_019862.2:1509379,NC_019862.2,1509379,1509379,Near_aDEG,LOC101159252
NC_019862.2:1509389,NC_019862.2,1509389,1509389,Near_aDEG,LOC101159252
NC_019862.2:3271196,NC_019862.2,3271196,3271196,Near_aDEG,LOC101172481
NC_019862.2:3271210,NC_019862.2,3271210,3271210,Near_aDEG,LOC101172481
NC_019862.2:3271228,NC_019862.2,3271228,3271228,Near_aDEG,LOC101172481
NC_019862.2:3271391,NC_019862.2,3271391,3271391,Near_aDEG,LOC101172481
NC_019862.2:3271401,NC_019862.2,3271401,3271401,Near_aDEG,LOC101172481
NC_019862.2:3271403,NC_019862.2,3271403,3271403,Near_aDEG,LOC101172481
NC_019862.2:3271412,NC_019862.2,3271412,3271412,Near_aDEG,LOC101172481
NC_019862.2:3271427,NC_019862.2,3271427,3271427,Near_aDEG,LOC101172481
NC_019862.2:6617608,NC_019862.2,6617608,6617608,Near_aDEG,LOC101165545
NC_019862.2:6688393,NC_019862.2,6688393,6688393,Near_aDEG,s2012
NC_019862.2:6696816,NC_019862.2,6696816,6696816,Near_aDEG,s2012
NC_019862.2:6696829,NC_019862.2,6696829,6696829,Near_aDEG,s2012
NC_019862.2:6697209,NC_019862.2,6697209,6697209,Near_aDEG,s2012
NC_019862.2:6708538,NC_019862.2,6708538,6708538,Near_aDEG,dio1
NC_019862.2:6710270,NC_019862.2,6710270,6710270,Near_aDEG,dio1
NC_019862.2:6710274,NC_019862.2,6710274,6710274,Near_aDEG,dio1
NC_019862.2:6710308,NC_019862.2,6710308,6710308,Near_aDEG,dio1
NC_019862.2:6710702,NC_019862.2,6710702,6710702,Near_aDEG,dio1
NC_019862.2:6999636,NC_019862.2,6999636,6999636,Near_aDEG,LOC101162275
NC_019862.2:6999659,NC_019862.2,6999659,6999659,Near_aDEG,LOC101162275
NC_019862.2:7015519,NC_019862.2,7015519,7015519,Near_aDEG,LOC101162275
NC_019862.2:8319157,NC_019862.2,8319157,8319157,Near_aDEG,LOC101168694
NC_019862.2:8326164,NC_019862.2,8326164,8326164,Near_aDEG,LOC101168694
NC_019862.2:13248791,NC_019862.2,13248791,13248791,Near_aDEG,mast3
NC_019862.2:13248809,NC_019862.2,13248809,13248809,Near_aDEG,mast3
NC_019862.2:13248885,NC_019862.2,13248885,13248885,Near_aDEG,mast3
NC_019862.2:13248897,NC_019862.2,13248897,13248897,Near_aDEG,mast3
NC_019862.2:13254870,NC_019862.2,13254870,13254870,Near_aDEG,mast3
NC_019862.2:13254876,NC_019862.2,13254876,13254876,Near_aDEG,mast3
NC_019862.2:13254893,NC_019862.2,13254893,13254893,Near_aDEG,mast3
NC_019862.2:13270871,NC_019862.2,13270871,13270871,Near_aDEG,mast3
NC_019862.2:13277366,NC_019862.2,13277366,13277366,Near_aDEG,mast3
NC_019862.2:13277372,NC_019862.2,13277372,13277372,Near_aDEG,mast3
NC_019862.2:13277401,NC_019862.2,13277401,13277401,Near_aDEG,mast3
NC_019862.2:13277423,NC_019862.2,13277423,13277423,Near_aDEG,mast3
NC_019862.2:13277445,NC_019862.2,13277445,13277445,Near_aDEG,mast3
NC_019862.2:13492863,NC_019862.2,13492863,13492863,Near_aDEG,arid3a
NC_019862.2:13493136,NC_019862.2,13493136,13493136,Near_aDEG,arid3a
NC_019862.2:13866417,NC_019862.2,13866417,13866417,Near_aDEG,ddx49
NC_019862.2:13866453,NC_019862.2,13866453,13866453,Near_aDEG,ddx49
NC_019862.2:13866467,NC_019862.2,13866467,13866467,Near_aDEG,ddx49
NC_019862.2:13868618,NC_019862.2,13868618,13868618,Near_aDEG,ddx49
NC_019862.2:13868650,NC_019862.2,13868650,13868650,Near_aDEG,ddx49
NC_019862.2:13868663,NC_019862.2,13868663,13868663,Near_aDEG,ddx49
NC_019862.2:13868672,NC_019862.2,13868672,13868672,Near_aDEG,ddx49
NC_019862.2:13947568,NC_019862.2,13947568,13947568,Near_aDEG,arrdc2
NC_019862.2:13947590,NC_019862.2,13947590,13947590,Near_aDEG,arrdc2
NC_019862.2:14166302,NC_019862.2,14166302,14166302,Near_aDEG,rabgap1l
NC_019862.2:14166314,NC_019862.2,14166314,14166314,Near_aDEG,rabgap1l
NC_019862.2:14714559,NC_019862.2,14714559,14714559,Near_aDEG,LOC101169436
NC_019862.2:14826400,NC_019862.2,14826400,14826400,Near_aDEG,LOC101172968
NC_019862.2:15102813,NC_019862.2,15102813,15102813,Near_aDEG,pla2g4a
NC_019862.2:15767934,NC_019862.2,15767934,15767934,Near_aDEG,dnajc6
NC_019862.2:16589782,NC_019862.2,16589782,16589782,Near_aDEG,LOC101167610
NC_019862.2:16620301,NC_019862.2,16620301,16620301,Near_aDEG,LOC101167610
NC_019862.2:16964507,NC_019862.2,16964507,16964507,Near_aDEG,tie1
NC_019862.2:23241407,NC_019862.2,23241407,23241407,Near_aDEG,LOC101171155
NC_019862.2:23260719,NC_019862.2,23260719,23260719,Near_aDEG,LOC101171155
NC_019862.2:26739080,NC_019862.2,26739080,26739080,Near_aDEG,LOC101161234
NC_019862.2:28256084,NC_019862.2,28256084,28256084,Near_aDEG,LOC101170419
NC_019862.2:28256134,NC_019862.2,28256134,28256134,Near_aDEG,LOC101170419
NC_019862.2:28256173,NC_019862.2,28256173,28256173,Near_aDEG,LOC101170419
NC_019862.2:28256179,NC_019862.2,28256179,28256179,Near_aDEG,LOC101170419
NC_019862.2:30551959,NC_019862.2,30551959,30551959,Near_aDEG,LOC101158935
NC_019862.2:30552002,NC_019862.2,30552002,30552002,Near_aDEG,LOC101158935
NC_019862.2:30597332,NC_019862.2,30597332,30597332,Near_aDEG,LOC101159183
NC_019862.2:30618645,NC_019862.2,30618645,30618645,Near_aDEG,LOC101159183
NC_019862.2:30619455,NC_019862.2,30619455,30619455,Near_aDEG,LOC101159183
NC_019862.2:31353526,NC_019862.2,31353526,31353526,Near_aDEG,ttc39a
NC_019862.2:31353530,NC_019862.2,31353530,31353530,Near_aDEG,ttc39a
NC_019862.2:31353537,NC_019862.2,31353537,31353537,Near_aDEG,ttc39a
NC_019862.2:31353615,NC_019862.2,31353615,31353615,Near_aDEG,ttc39a
NC_019862.2:31353621,NC_019862.2,31353621,31353621,Near_aDEG,ttc39a
NC_019862.2:31353638,NC_019862.2,31353638,31353638,Near_aDEG,ttc39a
NC_019862.2:31353657,NC_019862.2,31353657,31353657,Near_aDEG,ttc39a
NC_019862.2:31355170,NC_019862.2,31355170,31355170,Near_aDEG,ttc39a
NC_019862.2:31389429,NC_019862.2,31389429,31389429,Near_aDEG,tor3a
NC_019862.2:31389455,NC_019862.2,31389455,31389455,Near_aDEG,tor3a
NC_019862.2:32547377,NC_019862.2,32547377,32547377,Near_aDEG,ncln
NC_019863.2:524270,NC_019863.2,524270,524270,Near_aDEG,LOC110013329
NC_019863.2:524275,NC_019863.2,524275,524275,Near_aDEG,LOC110013329
NC_019863.2:1536038,NC_019863.2,1536038,1536038,Near_aDEG,LOC101162432
NC_019863.2:1536063,NC_019863.2,1536063,1536063,Near_aDEG,LOC101162432
NC_019863.2:1536091,NC_019863.2,1536091,1536091,Near_aDEG,LOC101162432
NC_019863.2:1536093,NC_019863.2,1536093,1536093,Near_aDEG,LOC101162432
NC_019863.2:2256057,NC_019863.2,2256057,2256057,Near_aDEG,LOC101165722
NC_019863.2:2257472,NC_019863.2,2257472,2257472,Near_aDEG,LOC101165722
NC_019863.2:2257494,NC_019863.2,2257494,2257494,Near_aDEG,LOC101165722
NC_019863.2:2257526,NC_019863.2,2257526,2257526,Near_aDEG,LOC101165722
NC_019863.2:2257746,NC_019863.2,2257746,2257746,Near_aDEG,LOC101165722
NC_019863.2:2257756,NC_019863.2,2257756,2257756,Near_aDEG,LOC101165722
NC_019863.2:2257763,NC_019863.2,2257763,2257763,Near_aDEG,LOC101165722
NC_019863.2:2257772,NC_019863.2,2257772,2257772,Near_aDEG,LOC101165722
NC_019863.2:3341630,NC_019863.2,3341630,3341630,Near_aDEG,col7a1
NC_019863.2:3341641,NC_019863.2,3341641,3341641,Near_aDEG,col7a1
NC_019863.2:4063039,NC_019863.2,4063039,4063039,Near_aDEG,arhgef25
NC_019863.2:7678932,NC_019863.2,7678932,7678932,Near_aDEG,LOC105354092
NC_019863.2:8173070,NC_019863.2,8173070,8173070,Near_aDEG,LOC101170997
NC_019863.2:11357567,NC_019863.2,11357567,11357567,Near_aDEG,LOC101165878
NC_019863.2:11948518,NC_019863.2,11948518,11948518,Near_aDEG,snta1
NC_019863.2:11948527,NC_019863.2,11948527,11948527,Near_aDEG,snta1
NC_019863.2:11979358,NC_019863.2,11979358,11979358,Near_aDEG,snta1
NC_019863.2:13441603,NC_019863.2,13441603,13441603,Near_aDEG,LOC101172155
NC_019863.2:13717656,NC_019863.2,13717656,13717656,Near_aDEG,LOC101165632
NC_019863.2:13721307,NC_019863.2,13721307,13721307,Near_aDEG,LOC101165632
NC_019863.2:15521999,NC_019863.2,15521999,15521999,Near_aDEG,LOC101162283
NC_019863.2:17177944,NC_019863.2,17177944,17177944,Near_aDEG,ell2
NC_019863.2:17290728,NC_019863.2,17290728,17290728,Near_aDEG,nop56
NC_019863.2:17947878,NC_019863.2,17947878,17947878,Near_aDEG,LOC101155022
NC_019863.2:18110146,NC_019863.2,18110146,18110146,Near_aDEG,LOC101156244
NC_019863.2:18110149,NC_019863.2,18110149,18110149,Near_aDEG,LOC101156244
NC_019863.2:18156642,NC_019863.2,18156642,18156642,Near_aDEG,cass4
NC_019863.2:22911138,NC_019863.2,22911138,22911138,Near_aDEG,LOC101167031
NC_019863.2:22911512,NC_019863.2,22911512,22911512,Near_aDEG,LOC101167031
NC_019863.2:22943457,NC_019863.2,22943457,22943457,Near_aDEG,LOC101167031
NC_019863.2:22945281,NC_019863.2,22945281,22945281,Near_aDEG,LOC101167031
NC_019863.2:22945300,NC_019863.2,22945300,22945300,Near_aDEG,LOC101167031
NC_019863.2:23012053,NC_019863.2,23012053,23012053,Near_aDEG,LOC101167031
NC_019863.2:23412577,NC_019863.2,23412577,23412577,Near_aDEG,LOC101170341
NC_019863.2:24012754,NC_019863.2,24012754,24012754,Near_aDEG,cdk18
NC_019863.2:24012759,NC_019863.2,24012759,24012759,Near_aDEG,cdk18
NC_019863.2:24053487,NC_019863.2,24053487,24053487,Near_aDEG,cdk18
NC_019863.2:24612921,NC_019863.2,24612921,24612921,Near_aDEG,naaa
NC_019863.2:24612923,NC_019863.2,24612923,24612923,Near_aDEG,naaa
NC_019863.2:26320092,NC_019863.2,26320092,26320092,Near_aDEG,LOC101164798
NC_019863.2:26745305,NC_019863.2,26745305,26745305,Near_aDEG,LOC101167700
NC_019863.2:26745335,NC_019863.2,26745335,26745335,Near_aDEG,LOC101167700
NC_019863.2:26745338,NC_019863.2,26745338,26745338,Near_aDEG,LOC101167700
NC_019863.2:26758149,NC_019863.2,26758149,26758149,Near_aDEG,LOC101167700
NC_019863.2:26758363,NC_019863.2,26758363,26758363,Near_aDEG,LOC101167700
NC_019863.2:26758379,NC_019863.2,26758379,26758379,Near_aDEG,LOC101167700
NC_019863.2:26758385,NC_019863.2,26758385,26758385,Near_aDEG,LOC101167700
NC_019863.2:26759522,NC_019863.2,26759522,26759522,Near_aDEG,LOC101167700
NC_019863.2:26768257,NC_019863.2,26768257,26768257,Near_aDEG,LOC101167700
NC_019863.2:26768286,NC_019863.2,26768286,26768286,Near_aDEG,LOC101167700
NC_019863.2:26768345,NC_019863.2,26768345,26768345,Near_aDEG,LOC101167700
NC_019863.2:26768370,NC_019863.2,26768370,26768370,Near_aDEG,LOC101167700
NC_019863.2:26768386,NC_019863.2,26768386,26768386,Near_aDEG,LOC101167700
NC_019863.2:26768395,NC_019863.2,26768395,26768395,Near_aDEG,LOC101167700
NC_019863.2:26768400,NC_019863.2,26768400,26768400,Near_aDEG,LOC101167700
NC_019863.2:26774547,NC_019863.2,26774547,26774547,Near_aDEG,LOC101167700
NC_019863.2:26774575,NC_019863.2,26774575,26774575,Near_aDEG,LOC101167700
NC_019863.2:26774588,NC_019863.2,26774588,26774588,Near_aDEG,LOC101167700
NC_019863.2:26774596,NC_019863.2,26774596,26774596,Near_aDEG,LOC101167700
NC_019863.2:26784425,NC_019863.2,26784425,26784425,Near_aDEG,LOC101167700
NC_019863.2:26784431,NC_019863.2,26784431,26784431,Near_aDEG,LOC101167700
NC_019863.2:26784455,NC_019863.2,26784455,26784455,Near_aDEG,LOC101167700
NC_019863.2:26784457,NC_019863.2,26784457,26784457,Near_aDEG,LOC101167700
NC_019863.2:27186612,NC_019863.2,27186612,27186612,Near_aDEG,LOC101172325
NC_019863.2:27186637,NC_019863.2,27186637,27186637,Near_aDEG,LOC101172325
NC_019863.2:27186647,NC_019863.2,27186647,27186647,Near_aDEG,LOC101172325
NC_019863.2:29389058,NC_019863.2,29389058,29389058,Near_aDEG,LOC101163810
NC_019863.2:29416466,NC_019863.2,29416466,29416466,Near_aDEG,LOC101163810
NC_019863.2:29416491,NC_019863.2,29416491,29416491,Near_aDEG,LOC101163810
NC_019863.2:29771662,NC_019863.2,29771662,29771662,Near_aDEG,LOC101166789
NC_019863.2:29771674,NC_019863.2,29771674,29771674,Near_aDEG,LOC101166789
NC_019863.2:30003443,NC_019863.2,30003443,30003443,Near_aDEG,LOC101173932
NC_019863.2:30050853,NC_019863.2,30050853,30050853,Near_aDEG,LOC101173932
NC_019863.2:30074308,NC_019863.2,30074308,30074308,Near_aDEG,LOC101173932
NC_019863.2:30074328,NC_019863.2,30074328,30074328,Near_aDEG,LOC101173932
NC_019863.2:30100158,NC_019863.2,30100158,30100158,Near_aDEG,LOC101173932
NC_019863.2:30350632,NC_019863.2,30350632,30350632,Near_aDEG,LOC101175150
NC_019863.2:30384449,NC_019863.2,30384449,30384449,Near_aDEG,LOC101175150
NC_019863.2:30384461,NC_019863.2,30384461,30384461,Near_aDEG,LOC101175150
NC_019863.2:30392645,NC_019863.2,30392645,30392645,Near_aDEG,LOC101175150
NC_019863.2:30406407,NC_019863.2,30406407,30406407,Near_aDEG,LOC101175150
NC_019863.2:30431447,NC_019863.2,30431447,30431447,Near_aDEG,LOC101175150
NC_019863.2:30431461,NC_019863.2,30431461,30431461,Near_aDEG,LOC101175150
NC_019863.2:30467313,NC_019863.2,30467313,30467313,Near_aDEG,LOC101175150
NC_019863.2:30827908,NC_019863.2,30827908,30827908,Near_aDEG,LOC101169105
NC_019864.2:447611,NC_019864.2,447611,447611,Near_aDEG,LOC101162415
NC_019864.2:454688,NC_019864.2,454688,454688,Near_aDEG,LOC101162415
NC_019864.2:459380,NC_019864.2,459380,459380,Near_aDEG,LOC101162415
NC_019864.2:529206,NC_019864.2,529206,529206,Near_aDEG,LOC101162415
NC_019864.2:782766,NC_019864.2,782766,782766,Near_aDEG,LOC101161457
NC_019864.2:799736,NC_019864.2,799736,799736,Near_aDEG,rassf10
NC_019864.2:799748,NC_019864.2,799748,799748,Near_aDEG,rassf10
NC_019864.2:799751,NC_019864.2,799751,799751,Near_aDEG,rassf10
NC_019864.2:799754,NC_019864.2,799754,799754,Near_aDEG,rassf10
NC_019864.2:799768,NC_019864.2,799768,799768,Near_aDEG,rassf10
NC_019864.2:799776,NC_019864.2,799776,799776,Near_aDEG,rassf10
NC_019864.2:799779,NC_019864.2,799779,799779,Near_aDEG,rassf10
NC_019864.2:799788,NC_019864.2,799788,799788,Near_aDEG,rassf10
NC_019864.2:799795,NC_019864.2,799795,799795,Near_aDEG,rassf10
NC_019864.2:799819,NC_019864.2,799819,799819,Near_aDEG,rassf10
NC_019864.2:799848,NC_019864.2,799848,799848,Near_aDEG,rassf10
NC_019864.2:799864,NC_019864.2,799864,799864,Near_aDEG,rassf10
NC_019864.2:3761352,NC_019864.2,3761352,3761352,Near_aDEG,arpin
NC_019864.2:5097530,NC_019864.2,5097530,5097530,Near_aDEG,ppp6r3
NC_019864.2:5099658,NC_019864.2,5099658,5099658,Near_aDEG,ppp6r3
NC_019864.2:7070245,NC_019864.2,7070245,7070245,Near_aDEG,LOC101173626
NC_019864.2:7390346,NC_019864.2,7390346,7390346,Near_aDEG,LOC101174342
NC_019864.2:7402829,NC_019864.2,7402829,7402829,Near_aDEG,LOC101174342
NC_019864.2:7402837,NC_019864.2,7402837,7402837,Near_aDEG,LOC101174342
NC_019864.2:12517612,NC_019864.2,12517612,12517612,Near_aDEG,tmem117
NC_019864.2:12517621,NC_019864.2,12517621,12517621,Near_aDEG,tmem117
NC_019864.2:12517624,NC_019864.2,12517624,12517624,Near_aDEG,tmem117
NC_019864.2:12535184,NC_019864.2,12535184,12535184,Near_aDEG,tmem117
NC_019864.2:12535213,NC_019864.2,12535213,12535213,Near_aDEG,tmem117
NC_019864.2:12542776,NC_019864.2,12542776,12542776,Near_aDEG,tmem117
NC_019864.2:12542778,NC_019864.2,12542778,12542778,Near_aDEG,tmem117
NC_019864.2:12542808,NC_019864.2,12542808,12542808,Near_aDEG,tmem117
NC_019864.2:13966139,NC_019864.2,13966139,13966139,Near_aDEG,prkar2b
NC_019864.2:13966145,NC_019864.2,13966145,13966145,Near_aDEG,prkar2b
NC_019864.2:14879066,NC_019864.2,14879066,14879066,Near_aDEG,nat10
NC_019864.2:14879076,NC_019864.2,14879076,14879076,Near_aDEG,nat10
NC_019864.2:14879094,NC_019864.2,14879094,14879094,Near_aDEG,nat10
NC_019864.2:14879164,NC_019864.2,14879164,14879164,Near_aDEG,nat10
NC_019864.2:14879182,NC_019864.2,14879182,14879182,Near_aDEG,nat10
NC_019864.2:17710229,NC_019864.2,17710229,17710229,Near_aDEG,slc28a1
NC_019864.2:18577182,NC_019864.2,18577182,18577182,Near_aDEG,LOC101172490
NC_019864.2:18577191,NC_019864.2,18577191,18577191,Near_aDEG,LOC101172490
NC_019864.2:18759668,NC_019864.2,18759668,18759668,Near_aDEG,LOC101161399
NC_019864.2:18774990,NC_019864.2,18774990,18774990,Near_aDEG,LOC101161399
NC_019864.2:18787642,NC_019864.2,18787642,18787642,Near_aDEG,LOC101161399
NC_019864.2:18928720,NC_019864.2,18928720,18928720,Near_aDEG,LOC101173298
NC_019864.2:18928726,NC_019864.2,18928726,18928726,Near_aDEG,LOC101173298
NC_019864.2:18929515,NC_019864.2,18929515,18929515,Near_aDEG,LOC101173298
NC_019864.2:18948398,NC_019864.2,18948398,18948398,Near_aDEG,LOC101173298
NC_019864.2:18948413,NC_019864.2,18948413,18948413,Near_aDEG,LOC101173298
NC_019864.2:19215450,NC_019864.2,19215450,19215450,Near_aDEG,fkbp4
NC_019864.2:25706312,NC_019864.2,25706312,25706312,Near_aDEG,znf423
NC_019864.2:25734925,NC_019864.2,25734925,25734925,Near_aDEG,znf423
NC_019864.2:25817711,NC_019864.2,25817711,25817711,Near_aDEG,znf423
NC_019864.2:25817720,NC_019864.2,25817720,25817720,Near_aDEG,znf423
NC_019864.2:29361767,NC_019864.2,29361767,29361767,Near_aDEG,fgd4
NC_019864.2:29386465,NC_019864.2,29386465,29386465,Near_aDEG,fgd4
NC_019864.2:29395467,NC_019864.2,29395467,29395467,Near_aDEG,fgd4
NC_019864.2:29395489,NC_019864.2,29395489,29395489,Near_aDEG,fgd4
NC_019864.2:29399684,NC_019864.2,29399684,29399684,Near_aDEG,fgd4
NC_019864.2:29399695,NC_019864.2,29399695,29399695,Near_aDEG,fgd4
NC_019864.2:29399700,NC_019864.2,29399700,29399700,Near_aDEG,fgd4
NC_019864.2:31816501,NC_019864.2,31816501,31816501,Near_aDEG,LOC101156059
NC_019864.2:31816519,NC_019864.2,31816519,31816519,Near_aDEG,LOC101156059
NC_019864.2:31816525,NC_019864.2,31816525,31816525,Near_aDEG,LOC101156059
NC_019864.2:31816537,NC_019864.2,31816537,31816537,Near_aDEG,LOC101156059
NC_019864.2:31816548,NC_019864.2,31816548,31816548,Near_aDEG,LOC101156059
NC_019864.2:31816552,NC_019864.2,31816552,31816552,Near_aDEG,LOC101156059
NC_019864.2:31818110,NC_019864.2,31818110,31818110,Near_aDEG,LOC101156059
NC_019864.2:31837040,NC_019864.2,31837040,31837040,Near_aDEG,LOC101156059
NC_019865.2:1666712,NC_019865.2,1666712,1666712,Near_aDEG,prex1
NC_019865.2:1671848,NC_019865.2,1671848,1671848,Near_aDEG,prex1
NC_019865.2:1700456,NC_019865.2,1700456,1700456,Near_aDEG,prex1
NC_019865.2:1707809,NC_019865.2,1707809,1707809,Near_aDEG,prex1
NC_019865.2:1707811,NC_019865.2,1707811,1707811,Near_aDEG,prex1
NC_019865.2:3840462,NC_019865.2,3840462,3840462,Near_aDEG,LOC101157054
NC_019865.2:4651771,NC_019865.2,4651771,4651771,Near_aDEG,LOC101173301
NC_019865.2:5708577,NC_019865.2,5708577,5708577,Near_aDEG,LOC101156166
NC_019865.2:5708599,NC_019865.2,5708599,5708599,Near_aDEG,LOC101156166
NC_019865.2:6792064,NC_019865.2,6792064,6792064,Near_aDEG,mgll
NC_019865.2:6792070,NC_019865.2,6792070,6792070,Near_aDEG,mgll
NC_019865.2:6792088,NC_019865.2,6792088,6792088,Near_aDEG,mgll
NC_019865.2:6792094,NC_019865.2,6792094,6792094,Near_aDEG,mgll
NC_019865.2:6792108,NC_019865.2,6792108,6792108,Near_aDEG,mgll
NC_019865.2:6792116,NC_019865.2,6792116,6792116,Near_aDEG,mgll
NC_019865.2:6792118,NC_019865.2,6792118,6792118,Near_aDEG,mgll
NC_019865.2:6792124,NC_019865.2,6792124,6792124,Near_aDEG,mgll
NC_019865.2:6792148,NC_019865.2,6792148,6792148,Near_aDEG,mgll
NC_019865.2:6792153,NC_019865.2,6792153,6792153,Near_aDEG,mgll
NC_019865.2:6792217,NC_019865.2,6792217,6792217,Near_aDEG,mgll
NC_019865.2:6792220,NC_019865.2,6792220,6792220,Near_aDEG,mgll
NC_019865.2:6792223,NC_019865.2,6792223,6792223,Near_aDEG,mgll
NC_019865.2:6792439,NC_019865.2,6792439,6792439,Near_aDEG,mgll
NC_019865.2:6792446,NC_019865.2,6792446,6792446,Near_aDEG,mgll
NC_019865.2:6792489,NC_019865.2,6792489,6792489,Near_aDEG,mgll
NC_019865.2:6797933,NC_019865.2,6797933,6797933,Near_aDEG,mgll
NC_019865.2:6807096,NC_019865.2,6807096,6807096,Near_aDEG,mgll
NC_019865.2:7370530,NC_019865.2,7370530,7370530,Near_aDEG,LOC101172579
NC_019865.2:7669962,NC_019865.2,7669962,7669962,Near_aDEG,LOC100049439
NC_019865.2:7746113,NC_019865.2,7746113,7746113,Near_aDEG,LOC101174747
NC_019865.2:8773415,NC_019865.2,8773415,8773415,Near_aDEG,LOC101169697
NC_019865.2:10094475,NC_019865.2,10094475,10094475,Near_aDEG,hes4
NC_019865.2:10094482,NC_019865.2,10094482,10094482,Near_aDEG,hes4
NC_019865.2:10584687,NC_019865.2,10584687,10584687,Near_aDEG,atp5pb
NC_019865.2:10757542,NC_019865.2,10757542,10757542,Near_aDEG,ahcyl1
NC_019865.2:10871808,NC_019865.2,10871808,10871808,Near_aDEG,slc16a4
NC_019865.2:10880854,NC_019865.2,10880854,10880854,Near_aDEG,slc16a4
NC_019865.2:10884911,NC_019865.2,10884911,10884911,Near_aDEG,slc16a4
NC_019865.2:10884921,NC_019865.2,10884921,10884921,Near_aDEG,slc16a4
NC_019865.2:11502988,NC_019865.2,11502988,11502988,Near_aDEG,LOC101162184
NC_019865.2:11511099,NC_019865.2,11511099,11511099,Near_aDEG,LOC101162184
NC_019865.2:11551478,NC_019865.2,11551478,11551478,Near_aDEG,LOC101161944
NC_019865.2:12137699,NC_019865.2,12137699,12137699,Near_aDEG,LOC101171003
NC_019865.2:12137740,NC_019865.2,12137740,12137740,Near_aDEG,LOC101171003
NC_019865.2:12440111,NC_019865.2,12440111,12440111,Near_aDEG,fmnl3
NC_019865.2:12440202,NC_019865.2,12440202,12440202,Near_aDEG,fmnl3
NC_019865.2:12579738,NC_019865.2,12579738,12579738,Near_aDEG,LOC101173939
NC_019865.2:12579833,NC_019865.2,12579833,12579833,Near_aDEG,LOC101173939
NC_019865.2:12579844,NC_019865.2,12579844,12579844,Near_aDEG,LOC101173939
NC_019865.2:13043093,NC_019865.2,13043093,13043093,Near_aDEG,LOC101154949
NC_019865.2:13043117,NC_019865.2,13043117,13043117,Near_aDEG,LOC101154949
NC_019865.2:13083889,NC_019865.2,13083889,13083889,Near_aDEG,LOC101154949
NC_019865.2:13086441,NC_019865.2,13086441,13086441,Near_aDEG,LOC101154949
NC_019865.2:13086458,NC_019865.2,13086458,13086458,Near_aDEG,LOC101154949
NC_019865.2:13314702,NC_019865.2,13314702,13314702,Near_aDEG,LOC101155431
NC_019865.2:13314731,NC_019865.2,13314731,13314731,Near_aDEG,LOC101155431
NC_019865.2:18121849,NC_019865.2,18121849,18121849,Near_aDEG,LOC105354409
NC_019865.2:19007959,NC_019865.2,19007959,19007959,Near_aDEG,LOC101156012
NC_019865.2:19008001,NC_019865.2,19008001,19008001,Near_aDEG,LOC101156012
NC_019865.2:20941301,NC_019865.2,20941301,20941301,Near_aDEG,LOC101168461
NC_019865.2:21408611,NC_019865.2,21408611,21408611,Near_aDEG,LOC101172657
NC_019865.2:21408619,NC_019865.2,21408619,21408619,Near_aDEG,LOC101172657
NC_019865.2:25614289,NC_019865.2,25614289,25614289,Near_aDEG,wisp2
NC_019865.2:25614494,NC_019865.2,25614494,25614494,Near_aDEG,wisp2
NC_019865.2:25614758,NC_019865.2,25614758,25614758,Near_aDEG,wisp2
NC_019865.2:25614807,NC_019865.2,25614807,25614807,Near_aDEG,wisp2
NC_019865.2:27314230,NC_019865.2,27314230,27314230,Near_aDEG,LOC101158610
NC_019865.2:27328567,NC_019865.2,27328567,27328567,Near_aDEG,LOC101158610
NC_019865.2:27332465,NC_019865.2,27332465,27332465,Near_aDEG,LOC101158610
NC_019865.2:27332488,NC_019865.2,27332488,27332488,Near_aDEG,LOC101158610
NC_019865.2:27332501,NC_019865.2,27332501,27332501,Near_aDEG,LOC101158610
NC_019865.2:27339385,NC_019865.2,27339385,27339385,Near_aDEG,LOC101158610
NC_019865.2:28631381,NC_019865.2,28631381,28631381,Near_aDEG,LOC101162909
NC_019865.2:28631384,NC_019865.2,28631384,28631384,Near_aDEG,LOC101162909
NC_019865.2:28631398,NC_019865.2,28631398,28631398,Near_aDEG,LOC101162909
NC_019865.2:28631414,NC_019865.2,28631414,28631414,Near_aDEG,LOC101162909
NC_019865.2:28631424,NC_019865.2,28631424,28631424,Near_aDEG,LOC101162909
NC_019865.2:28631446,NC_019865.2,28631446,28631446,Near_aDEG,LOC101162909
NC_019865.2:28631687,NC_019865.2,28631687,28631687,Near_aDEG,LOC101162909
NC_019865.2:28631694,NC_019865.2,28631694,28631694,Near_aDEG,LOC101162909
NC_019865.2:29381365,NC_019865.2,29381365,29381365,Near_aDEG,itpr3
NC_019865.2:29381367,NC_019865.2,29381367,29381367,Near_aDEG,itpr3
NC_019865.2:29381371,NC_019865.2,29381371,29381371,Near_aDEG,itpr3
NC_019865.2:29386815,NC_019865.2,29386815,29386815,Near_aDEG,itpr3
NC_019865.2:29717309,NC_019865.2,29717309,29717309,Near_aDEG,LOC101169425
NC_019865.2:29899427,NC_019865.2,29899427,29899427,Near_aDEG,LOC101168686
NC_019865.2:29906521,NC_019865.2,29906521,29906521,Near_aDEG,LOC101168686
NC_019865.2:29914102,NC_019865.2,29914102,29914102,Near_aDEG,LOC101168686
NC_019865.2:29914115,NC_019865.2,29914115,29914115,Near_aDEG,LOC101168686
NC_019865.2:29914153,NC_019865.2,29914153,29914153,Near_aDEG,LOC101168686
NC_019865.2:29918922,NC_019865.2,29918922,29918922,Near_aDEG,LOC101168686
NC_019865.2:29918955,NC_019865.2,29918955,29918955,Near_aDEG,LOC101168686
NC_019865.2:29918989,NC_019865.2,29918989,29918989,Near_aDEG,LOC101168686
NC_019865.2:29925024,NC_019865.2,29925024,29925024,Near_aDEG,LOC101168686
NC_019865.2:30156894,NC_019865.2,30156894,30156894,Near_aDEG,LOC101167434
NC_019865.2:30156901,NC_019865.2,30156901,30156901,Near_aDEG,LOC101167434
NC_019865.2:30162302,NC_019865.2,30162302,30162302,Near_aDEG,LOC101167434
NC_019865.2:31866401,NC_019865.2,31866401,31866401,Near_aDEG,slc6a8
NC_019865.2:31866431,NC_019865.2,31866431,31866431,Near_aDEG,slc6a8
NC_019865.2:31866520,NC_019865.2,31866520,31866520,Near_aDEG,slc6a8
NC_019865.2:31866532,NC_019865.2,31866532,31866532,Near_aDEG,slc6a8
NC_019865.2:31866534,NC_019865.2,31866534,31866534,Near_aDEG,slc6a8
NC_019865.2:31866548,NC_019865.2,31866548,31866548,Near_aDEG,slc6a8
NC_019865.2:31866562,NC_019865.2,31866562,31866562,Near_aDEG,slc6a8
NC_019865.2:31866570,NC_019865.2,31866570,31866570,Near_aDEG,slc6a8
NC_019865.2:31866586,NC_019865.2,31866586,31866586,Near_aDEG,slc6a8
NC_019865.2:31866658,NC_019865.2,31866658,31866658,Near_aDEG,slc6a8
NC_019865.2:31866704,NC_019865.2,31866704,31866704,Near_aDEG,slc6a8
NC_019865.2:31866756,NC_019865.2,31866756,31866756,Near_aDEG,slc6a8
NC_019865.2:31866762,NC_019865.2,31866762,31866762,Near_aDEG,slc6a8
NC_019865.2:31866766,NC_019865.2,31866766,31866766,Near_aDEG,slc6a8
NC_019865.2:31871791,NC_019865.2,31871791,31871791,Near_aDEG,slc6a8
NC_019865.2:34039156,NC_019865.2,34039156,34039156,Near_aDEG,LOC101171727
NC_019865.2:34051807,NC_019865.2,34051807,34051807,Near_aDEG,LOC101171727
NC_019865.2:34054016,NC_019865.2,34054016,34054016,Near_aDEG,LOC101171727
NC_019866.2:755109,NC_019866.2,755109,755109,Near_aDEG,LOC101168711
NC_019866.2:755114,NC_019866.2,755114,755114,Near_aDEG,LOC101168711
NC_019866.2:2735140,NC_019866.2,2735140,2735140,Near_aDEG,amdhd2
NC_019866.2:2735194,NC_019866.2,2735194,2735194,Near_aDEG,amdhd2
NC_019866.2:2735212,NC_019866.2,2735212,2735212,Near_aDEG,amdhd2
NC_019866.2:8617558,NC_019866.2,8617558,8617558,Near_aDEG,LOC101162214
NC_019866.2:9238146,NC_019866.2,9238146,9238146,Near_aDEG,adgrl1
NC_019866.2:9306988,NC_019866.2,9306988,9306988,Near_aDEG,adgrl1
NC_019866.2:9306990,NC_019866.2,9306990,9306990,Near_aDEG,adgrl1
NC_019866.2:9310117,NC_019866.2,9310117,9310117,Near_aDEG,adgrl1
NC_019866.2:9736829,NC_019866.2,9736829,9736829,Near_aDEG,LOC101167121
NC_019866.2:10428274,NC_019866.2,10428274,10428274,Near_aDEG,cant1
NC_019866.2:10428282,NC_019866.2,10428282,10428282,Near_aDEG,cant1
NC_019866.2:11321830,NC_019866.2,11321830,11321830,Near_aDEG,trap1
NC_019866.2:11321834,NC_019866.2,11321834,11321834,Near_aDEG,trap1
NC_019866.2:11432574,NC_019866.2,11432574,11432574,Near_aDEG,pdgfa
NC_019866.2:12194211,NC_019866.2,12194211,12194211,Near_aDEG,LOC101160413
NC_019866.2:12194214,NC_019866.2,12194214,12194214,Near_aDEG,LOC101160413
NC_019866.2:12194241,NC_019866.2,12194241,12194241,Near_aDEG,LOC101160413
NC_019866.2:12194253,NC_019866.2,12194253,12194253,Near_aDEG,LOC101160413
NC_019866.2:12194364,NC_019866.2,12194364,12194364,Near_aDEG,LOC101160413
NC_019866.2:12194366,NC_019866.2,12194366,12194366,Near_aDEG,LOC101160413
NC_019866.2:12194394,NC_019866.2,12194394,12194394,Near_aDEG,LOC101160413
NC_019866.2:13247296,NC_019866.2,13247296,13247296,Near_aDEG,LOC101167043
NC_019866.2:13247310,NC_019866.2,13247310,13247310,Near_aDEG,LOC101167043
NC_019866.2:18852296,NC_019866.2,18852296,18852296,Near_aDEG,mief1
NC_019866.2:18852301,NC_019866.2,18852301,18852301,Near_aDEG,mief1
NC_019866.2:18853407,NC_019866.2,18853407,18853407,Near_aDEG,mief1
NC_019866.2:18853451,NC_019866.2,18853451,18853451,Near_aDEG,mief1
NC_019866.2:18874524,NC_019866.2,18874524,18874524,Near_aDEG,LOC101165397
NC_019866.2:20007920,NC_019866.2,20007920,20007920,Near_aDEG,nol12
NC_019866.2:20007931,NC_019866.2,20007931,20007931,Near_aDEG,nol12
NC_019866.2:20781935,NC_019866.2,20781935,20781935,Near_aDEG,LOC101155518
NC_019866.2:20783841,NC_019866.2,20783841,20783841,Near_aDEG,LOC101155518
NC_019866.2:20831191,NC_019866.2,20831191,20831191,Near_aDEG,LOC101155518
NC_019866.2:20831214,NC_019866.2,20831214,20831214,Near_aDEG,LOC101155518
NC_019866.2:21669044,NC_019866.2,21669044,21669044,Near_aDEG,LOC101164062
NC_019866.2:21805291,NC_019866.2,21805291,21805291,Near_aDEG,myh9
NC_019866.2:21934557,NC_019866.2,21934557,21934557,Near_aDEG,LOC101159676
NC_019866.2:21944345,NC_019866.2,21944345,21944345,Near_aDEG,LOC101159676
NC_019866.2:21973095,NC_019866.2,21973095,21973095,Near_aDEG,LOC101159676
NC_019866.2:23529657,NC_019866.2,23529657,23529657,Near_aDEG,LOC101172168
NC_019866.2:23529819,NC_019866.2,23529819,23529819,Near_aDEG,LOC101172168
NC_019866.2:23530287,NC_019866.2,23530287,23530287,Near_aDEG,LOC101172168
NC_019866.2:23530316,NC_019866.2,23530316,23530316,Near_aDEG,LOC101172168
NC_019866.2:23530328,NC_019866.2,23530328,23530328,Near_aDEG,LOC101172168
NC_019866.2:23530801,NC_019866.2,23530801,23530801,Near_aDEG,LOC101172168
NC_019866.2:24227476,NC_019866.2,24227476,24227476,Near_aDEG,LOC110015536
NC_019866.2:24233027,NC_019866.2,24233027,24233027,Near_aDEG,LOC110015536
NC_019866.2:24245376,NC_019866.2,24245376,24245376,Near_aDEG,LOC110015536
NC_019866.2:24245398,NC_019866.2,24245398,24245398,Near_aDEG,LOC110015536
NC_019866.2:24250479,NC_019866.2,24250479,24250479,Near_aDEG,LOC110015536
NC_019866.2:24251814,NC_019866.2,24251814,24251814,Near_aDEG,LOC110015536
NC_019866.2:24251826,NC_019866.2,24251826,24251826,Near_aDEG,LOC110015536
NC_019867.2:554818,NC_019867.2,554818,554818,Near_aDEG,sec14l2
NC_019867.2:1328043,NC_019867.2,1328043,1328043,Near_aDEG,dapk1
NC_019867.2:1960824,NC_019867.2,1960824,1960824,Near_aDEG,LOC101172907
NC_019867.2:1960869,NC_019867.2,1960869,1960869,Near_aDEG,LOC101172907
NC_019867.2:1960874,NC_019867.2,1960874,1960874,Near_aDEG,LOC101172907
NC_019867.2:2884546,NC_019867.2,2884546,2884546,Near_aDEG,LOC101175323
NC_019867.2:2884552,NC_019867.2,2884552,2884552,Near_aDEG,LOC101175323
NC_019867.2:2884558,NC_019867.2,2884558,2884558,Near_aDEG,LOC101175323
NC_019867.2:3196292,NC_019867.2,3196292,3196292,Near_aDEG,LOC101164564
NC_019867.2:3196302,NC_019867.2,3196302,3196302,Near_aDEG,LOC101164564
NC_019867.2:3196305,NC_019867.2,3196305,3196305,Near_aDEG,LOC101164564
NC_019867.2:6438497,NC_019867.2,6438497,6438497,Near_aDEG,rassf2
NC_019867.2:6438552,NC_019867.2,6438552,6438552,Near_aDEG,rassf2
NC_019867.2:6449049,NC_019867.2,6449049,6449049,Near_aDEG,rassf2
NC_019867.2:6490816,NC_019867.2,6490816,6490816,Near_aDEG,LOC101175167
NC_019867.2:6490819,NC_019867.2,6490819,6490819,Near_aDEG,LOC101175167
NC_019867.2:6496131,NC_019867.2,6496131,6496131,Near_aDEG,LOC101175167
NC_019867.2:6544151,NC_019867.2,6544151,6544151,Near_aDEG,LOC101175167
NC_019867.2:7437679,NC_019867.2,7437679,7437679,Near_aDEG,sh2b3
NC_019867.2:7437722,NC_019867.2,7437722,7437722,Near_aDEG,sh2b3
NC_019867.2:7437728,NC_019867.2,7437728,7437728,Near_aDEG,sh2b3
NC_019867.2:7442344,NC_019867.2,7442344,7442344,Near_aDEG,sh2b3
NC_019867.2:7442629,NC_019867.2,7442629,7442629,Near_aDEG,sh2b3
NC_019867.2:7442651,NC_019867.2,7442651,7442651,Near_aDEG,sh2b3
NC_019867.2:7451387,NC_019867.2,7451387,7451387,Near_aDEG,sh2b3
NC_019867.2:7469746,NC_019867.2,7469746,7469746,Near_aDEG,sh2b3
NC_019867.2:7477323,NC_019867.2,7477323,7477323,Near_aDEG,sh2b3
NC_019867.2:7478831,NC_019867.2,7478831,7478831,Near_aDEG,sh2b3
NC_019867.2:8130641,NC_019867.2,8130641,8130641,Near_aDEG,efna5
NC_019867.2:9021627,NC_019867.2,9021627,9021627,Near_aDEG,c9h9orf3
NC_019867.2:9021640,NC_019867.2,9021640,9021640,Near_aDEG,c9h9orf3
NC_019867.2:9021656,NC_019867.2,9021656,9021656,Near_aDEG,c9h9orf3
NC_019867.2:9021676,NC_019867.2,9021676,9021676,Near_aDEG,c9h9orf3
NC_019867.2:13508788,NC_019867.2,13508788,13508788,Near_aDEG,LOC101160244
NC_019867.2:13508809,NC_019867.2,13508809,13508809,Near_aDEG,LOC101160244
NC_019867.2:13511861,NC_019867.2,13511861,13511861,Near_aDEG,LOC101160244
NC_019867.2:13511875,NC_019867.2,13511875,13511875,Near_aDEG,LOC101160244
NC_019867.2:13516771,NC_019867.2,13516771,13516771,Near_aDEG,LOC101160244
NC_019867.2:13516810,NC_019867.2,13516810,13516810,Near_aDEG,LOC101160244
NC_019867.2:13516812,NC_019867.2,13516812,13516812,Near_aDEG,LOC101160244
NC_019867.2:14133202,NC_019867.2,14133202,14133202,Near_aDEG,ssbp2
NC_019867.2:14133238,NC_019867.2,14133238,14133238,Near_aDEG,ssbp2
NC_019867.2:16671803,NC_019867.2,16671803,16671803,Near_aDEG,tmem2
NC_019867.2:16671808,NC_019867.2,16671808,16671808,Near_aDEG,tmem2
NC_019867.2:18680899,NC_019867.2,18680899,18680899,Near_aDEG,star
NC_019867.2:19561604,NC_019867.2,19561604,19561604,Near_aDEG,LOC101165068
NC_019867.2:19597415,NC_019867.2,19597415,19597415,Near_aDEG,LOC101165068
NC_019867.2:20292717,NC_019867.2,20292717,20292717,Near_aDEG,adgrd1
NC_019867.2:20452130,NC_019867.2,20452130,20452130,Near_aDEG,ncor2
NC_019867.2:20452135,NC_019867.2,20452135,20452135,Near_aDEG,ncor2
NC_019867.2:20452153,NC_019867.2,20452153,20452153,Near_aDEG,ncor2
NC_019867.2:20452170,NC_019867.2,20452170,20452170,Near_aDEG,ncor2
NC_019867.2:20452244,NC_019867.2,20452244,20452244,Near_aDEG,ncor2
NC_019867.2:20452256,NC_019867.2,20452256,20452256,Near_aDEG,ncor2
NC_019867.2:20469062,NC_019867.2,20469062,20469062,Near_aDEG,ncor2
NC_019867.2:23368658,NC_019867.2,23368658,23368658,Near_aDEG,arvcf
NC_019867.2:23494817,NC_019867.2,23494817,23494817,Near_aDEG,arvcf
NC_019867.2:23591160,NC_019867.2,23591160,23591160,Near_aDEG,arvcf
NC_019867.2:25358921,NC_019867.2,25358921,25358921,Near_aDEG,adora2a
NC_019867.2:25358923,NC_019867.2,25358923,25358923,Near_aDEG,adora2a
NC_019867.2:25390819,NC_019867.2,25390819,25390819,Near_aDEG,LOC101169295
NC_019867.2:25390825,NC_019867.2,25390825,25390825,Near_aDEG,LOC101169295
NC_019867.2:25390863,NC_019867.2,25390863,25390863,Near_aDEG,LOC101169295
NC_019867.2:25392453,NC_019867.2,25392453,25392453,Near_aDEG,LOC101169295
NC_019867.2:25419339,NC_019867.2,25419339,25419339,Near_aDEG,LOC101169295
NC_019867.2:25716081,NC_019867.2,25716081,25716081,Near_aDEG,bicdl1
NC_019867.2:25716086,NC_019867.2,25716086,25716086,Near_aDEG,bicdl1
NC_019867.2:25716121,NC_019867.2,25716121,25716121,Near_aDEG,bicdl1
NC_019867.2:28403797,NC_019867.2,28403797,28403797,Near_aDEG,imp4
NC_019867.2:28777519,NC_019867.2,28777519,28777519,Near_aDEG,LOC101161564
NC_019867.2:28777546,NC_019867.2,28777546,28777546,Near_aDEG,LOC101161564
NC_019867.2:28777595,NC_019867.2,28777595,28777595,Near_aDEG,LOC101161564
NC_019867.2:29315718,NC_019867.2,29315718,29315718,Near_aDEG,znf608
NC_019867.2:30290145,NC_019867.2,30290145,30290145,Near_aDEG,LOC101173948
NC_019867.2:31177049,NC_019867.2,31177049,31177049,Near_aDEG,tti2
NC_019867.2:31676105,NC_019867.2,31676105,31676105,Near_aDEG,LOC101155358
NC_019867.2:32271158,NC_019867.2,32271158,32271158,Near_aDEG,rasgef1b
NC_019867.2:32834416,NC_019867.2,32834416,32834416,Near_aDEG,fras1
NC_019867.2:32882551,NC_019867.2,32882551,32882551,Near_aDEG,fras1
NC_019867.2:32974468,NC_019867.2,32974468,32974468,Near_aDEG,fras1
NC_019868.2:3251419,NC_019868.2,3251419,3251419,Near_aDEG,LOC101163308
NC_019868.2:3267134,NC_019868.2,3267134,3267134,Near_aDEG,LOC101163308
NC_019868.2:3267150,NC_019868.2,3267150,3267150,Near_aDEG,LOC101163308
NC_019868.2:3721172,NC_019868.2,3721172,3721172,Near_aDEG,hvcn1
NC_019868.2:3721200,NC_019868.2,3721200,3721200,Near_aDEG,hvcn1
NC_019868.2:4591598,NC_019868.2,4591598,4591598,Near_aDEG,enpp6
NC_019868.2:5489879,NC_019868.2,5489879,5489879,Near_aDEG,fam13b
NC_019868.2:5495631,NC_019868.2,5495631,5495631,Near_aDEG,fam13b
NC_019868.2:5524429,NC_019868.2,5524429,5524429,Near_aDEG,fam13b
NC_019868.2:5524468,NC_019868.2,5524468,5524468,Near_aDEG,fam13b
NC_019868.2:5547522,NC_019868.2,5547522,5547522,Near_aDEG,fam13b
NC_019868.2:5547560,NC_019868.2,5547560,5547560,Near_aDEG,fam13b
NC_019868.2:8599183,NC_019868.2,8599183,8599183,Near_aDEG,diaph2
NC_019868.2:8599191,NC_019868.2,8599191,8599191,Near_aDEG,diaph2
NC_019868.2:8660756,NC_019868.2,8660756,8660756,Near_aDEG,diaph2
NC_019868.2:8952871,NC_019868.2,8952871,8952871,Near_aDEG,diaph2
NC_019868.2:11004779,NC_019868.2,11004779,11004779,Near_aDEG,rbmx
NC_019868.2:11774134,NC_019868.2,11774134,11774134,Near_aDEG,LOC101170524
NC_019868.2:11774151,NC_019868.2,11774151,11774151,Near_aDEG,LOC101170524
NC_019868.2:11774686,NC_019868.2,11774686,11774686,Near_aDEG,LOC101170524
NC_019868.2:11776908,NC_019868.2,11776908,11776908,Near_aDEG,LOC101170524
NC_019868.2:11873338,NC_019868.2,11873338,11873338,Near_aDEG,vegfb
NC_019868.2:11873358,NC_019868.2,11873358,11873358,Near_aDEG,vegfb
NC_019868.2:12247818,NC_019868.2,12247818,12247818,Near_aDEG,LOC101172742
NC_019868.2:12417187,NC_019868.2,12417187,12417187,Near_aDEG,LOC105354868
NC_019868.2:13999840,NC_019868.2,13999840,13999840,Near_aDEG,ssrp1
NC_019868.2:16269086,NC_019868.2,16269086,16269086,Near_aDEG,pdgfrb
NC_019868.2:16269110,NC_019868.2,16269110,16269110,Near_aDEG,pdgfrb
NC_019868.2:16882424,NC_019868.2,16882424,16882424,Near_aDEG,rasgef1c
NC_019868.2:16901709,NC_019868.2,16901709,16901709,Near_aDEG,rasgef1c
NC_019868.2:17319318,NC_019868.2,17319318,17319318,Near_aDEG,LOC101163667
NC_019868.2:18008973,NC_019868.2,18008973,18008973,Near_aDEG,LOC105354919
NC_019868.2:18010357,NC_019868.2,18010357,18010357,Near_aDEG,LOC105354919
NC_019868.2:18460250,NC_019868.2,18460250,18460250,Near_aDEG,nlgn3
NC_019868.2:18491999,NC_019868.2,18491999,18491999,Near_aDEG,nlgn3
NC_019868.2:18492013,NC_019868.2,18492013,18492013,Near_aDEG,nlgn3
NC_019868.2:18503929,NC_019868.2,18503929,18503929,Near_aDEG,nlgn3
NC_019868.2:18986920,NC_019868.2,18986920,18986920,Near_aDEG,dusp1
NC_019868.2:22171866,NC_019868.2,22171866,22171866,Near_aDEG,ar-alpha
NC_019868.2:22171876,NC_019868.2,22171876,22171876,Near_aDEG,ar-alpha
NC_019868.2:22174946,NC_019868.2,22174946,22174946,Near_aDEG,ar-alpha
NC_019868.2:22174983,NC_019868.2,22174983,22174983,Near_aDEG,ar-alpha
NC_019868.2:22175658,NC_019868.2,22175658,22175658,Near_aDEG,ar-alpha
NC_019868.2:25633532,NC_019868.2,25633532,25633532,Near_aDEG,LOC101157306
NC_019868.2:25660783,NC_019868.2,25660783,25660783,Near_aDEG,LOC101157306
NC_019868.2:25660802,NC_019868.2,25660802,25660802,Near_aDEG,LOC101157306
NC_019868.2:25661135,NC_019868.2,25661135,25661135,Near_aDEG,LOC101157306
NC_019868.2:26200700,NC_019868.2,26200700,26200700,Near_aDEG,LOC101161901
NC_019868.2:26200733,NC_019868.2,26200733,26200733,Near_aDEG,LOC101161901
NC_019868.2:26200745,NC_019868.2,26200745,26200745,Near_aDEG,LOC101161901
NC_019868.2:26259551,NC_019868.2,26259551,26259551,Near_aDEG,LOC101162139
NC_019868.2:26259554,NC_019868.2,26259554,26259554,Near_aDEG,LOC101162139
NC_019868.2:26262865,NC_019868.2,26262865,26262865,Near_aDEG,LOC101162139
NC_019868.2:26264541,NC_019868.2,26264541,26264541,Near_aDEG,LOC101162139
NC_019868.2:26266964,NC_019868.2,26266964,26266964,Near_aDEG,LOC101162139
NC_019868.2:26266969,NC_019868.2,26266969,26266969,Near_aDEG,LOC101162139
NC_019868.2:26267135,NC_019868.2,26267135,26267135,Near_aDEG,LOC101162139
NC_019868.2:26267158,NC_019868.2,26267158,26267158,Near_aDEG,LOC101162139
NC_019868.2:26267161,NC_019868.2,26267161,26267161,Near_aDEG,LOC101162139
NC_019868.2:26646466,NC_019868.2,26646466,26646466,Near_aDEG,fam122b
NC_019868.2:26646523,NC_019868.2,26646523,26646523,Near_aDEG,fam122b
NC_019868.2:26649082,NC_019868.2,26649082,26649082,Near_aDEG,fam122b
NC_019868.2:27681649,NC_019868.2,27681649,27681649,Near_aDEG,hopx
NC_019868.2:27737885,NC_019868.2,27737885,27737885,Near_aDEG,LOC100529189
NC_019869.2:4661385,NC_019869.2,4661385,4661385,Near_aDEG,olgc7
NC_019869.2:4661391,NC_019869.2,4661391,4661391,Near_aDEG,olgc7
NC_019869.2:6772228,NC_019869.2,6772228,6772228,Near_aDEG,LOC101172421
NC_019869.2:6773945,NC_019869.2,6773945,6773945,Near_aDEG,LOC101172421
NC_019869.2:6774420,NC_019869.2,6774420,6774420,Near_aDEG,LOC101172421
NC_019869.2:6774449,NC_019869.2,6774449,6774449,Near_aDEG,LOC101172421
NC_019869.2:9799618,NC_019869.2,9799618,9799618,Near_aDEG,twistnb
NC_019869.2:10446338,NC_019869.2,10446338,10446338,Near_aDEG,ppp1r9a
NC_019869.2:10792232,NC_019869.2,10792232,10792232,Near_aDEG,igf2bp3
NC_019869.2:10792249,NC_019869.2,10792249,10792249,Near_aDEG,igf2bp3
NC_019869.2:10792384,NC_019869.2,10792384,10792384,Near_aDEG,igf2bp3
NC_019869.2:10792387,NC_019869.2,10792387,10792387,Near_aDEG,igf2bp3
NC_019869.2:10792393,NC_019869.2,10792393,10792393,Near_aDEG,igf2bp3
NC_019869.2:10792395,NC_019869.2,10792395,10792395,Near_aDEG,igf2bp3
NC_019869.2:10792397,NC_019869.2,10792397,10792397,Near_aDEG,igf2bp3
NC_019869.2:10792401,NC_019869.2,10792401,10792401,Near_aDEG,igf2bp3
NC_019869.2:10792439,NC_019869.2,10792439,10792439,Near_aDEG,igf2bp3
NC_019869.2:10792441,NC_019869.2,10792441,10792441,Near_aDEG,igf2bp3
NC_019869.2:10792447,NC_019869.2,10792447,10792447,Near_aDEG,igf2bp3
NC_019869.2:10792449,NC_019869.2,10792449,10792449,Near_aDEG,igf2bp3
NC_019869.2:10792455,NC_019869.2,10792455,10792455,Near_aDEG,igf2bp3
NC_019869.2:10793646,NC_019869.2,10793646,10793646,Near_aDEG,igf2bp3
NC_019869.2:10794715,NC_019869.2,10794715,10794715,Near_aDEG,igf2bp3
NC_019869.2:10796537,NC_019869.2,10796537,10796537,Near_aDEG,igf2bp3
NC_019869.2:10796543,NC_019869.2,10796543,10796543,Near_aDEG,igf2bp3
NC_019869.2:10796565,NC_019869.2,10796565,10796565,Near_aDEG,igf2bp3
NC_019869.2:10796578,NC_019869.2,10796578,10796578,Near_aDEG,igf2bp3
NC_019869.2:10796594,NC_019869.2,10796594,10796594,Near_aDEG,igf2bp3
NC_019869.2:10796628,NC_019869.2,10796628,10796628,Near_aDEG,igf2bp3
NC_019869.2:10800383,NC_019869.2,10800383,10800383,Near_aDEG,igf2bp3
NC_019869.2:10800387,NC_019869.2,10800387,10800387,Near_aDEG,igf2bp3
NC_019869.2:10800432,NC_019869.2,10800432,10800432,Near_aDEG,igf2bp3
NC_019869.2:10821702,NC_019869.2,10821702,10821702,Near_aDEG,gpnmb
NC_019869.2:14377545,NC_019869.2,14377545,14377545,Near_aDEG,LOC101166063
NC_019869.2:14380438,NC_019869.2,14380438,14380438,Near_aDEG,LOC101166063
NC_019869.2:14380455,NC_019869.2,14380455,14380455,Near_aDEG,LOC101166063
NC_019869.2:14380463,NC_019869.2,14380463,14380463,Near_aDEG,LOC101166063
NC_019869.2:14380467,NC_019869.2,14380467,14380467,Near_aDEG,LOC101166063
NC_019869.2:14380508,NC_019869.2,14380508,14380508,Near_aDEG,LOC101166063
NC_019869.2:16742075,NC_019869.2,16742075,16742075,Near_aDEG,LOC101156593
NC_019869.2:16742111,NC_019869.2,16742111,16742111,Near_aDEG,LOC101156593
NC_019869.2:17037969,NC_019869.2,17037969,17037969,Near_aDEG,rnf19b
NC_019869.2:17037979,NC_019869.2,17037979,17037979,Near_aDEG,rnf19b
NC_019869.2:17038008,NC_019869.2,17038008,17038008,Near_aDEG,rnf19b
NC_019869.2:17038694,NC_019869.2,17038694,17038694,Near_aDEG,rnf19b
NC_019869.2:17038719,NC_019869.2,17038719,17038719,Near_aDEG,rnf19b
NC_019869.2:17050248,NC_019869.2,17050248,17050248,Near_aDEG,rnf19b
NC_019869.2:17053033,NC_019869.2,17053033,17053033,Near_aDEG,rnf19b
NC_019869.2:17055564,NC_019869.2,17055564,17055564,Near_aDEG,rnf19b
NC_019869.2:18754277,NC_019869.2,18754277,18754277,Near_aDEG,LOC101156989
NC_019869.2:19336170,NC_019869.2,19336170,19336170,Near_aDEG,LOC101160745
NC_019869.2:19610474,NC_019869.2,19610474,19610474,Near_aDEG,LOC101167133
NC_019869.2:19762344,NC_019869.2,19762344,19762344,Near_aDEG,msto1
NC_019870.2:259131,NC_019870.2,259131,259131,Near_aDEG,hsdl2
NC_019870.2:1504793,NC_019870.2,1504793,1504793,Near_aDEG,tor4a
NC_019870.2:1504824,NC_019870.2,1504824,1504824,Near_aDEG,tor4a
NC_019870.2:1591238,NC_019870.2,1591238,1591238,Near_aDEG,LOC101163673
NC_019870.2:3759628,NC_019870.2,3759628,3759628,Near_aDEG,arsb
NC_019870.2:3892886,NC_019870.2,3892886,3892886,Near_aDEG,c12h2orf42
NC_019870.2:3900193,NC_019870.2,3900193,3900193,Near_aDEG,c12h2orf42
NC_019870.2:4081292,NC_019870.2,4081292,4081292,Near_aDEG,LOC101171095
NC_019870.2:4122548,NC_019870.2,4122548,4122548,Near_aDEG,LOC101171095
NC_019870.2:4126542,NC_019870.2,4126542,4126542,Near_aDEG,LOC101171095
NC_019870.2:4185829,NC_019870.2,4185829,4185829,Near_aDEG,pik3r1
NC_019870.2:4195823,NC_019870.2,4195823,4195823,Near_aDEG,pik3r1
NC_019870.2:4195828,NC_019870.2,4195828,4195828,Near_aDEG,pik3r1
NC_019870.2:4195835,NC_019870.2,4195835,4195835,Near_aDEG,pik3r1
NC_019870.2:4195887,NC_019870.2,4195887,4195887,Near_aDEG,pik3r1
NC_019870.2:4195895,NC_019870.2,4195895,4195895,Near_aDEG,pik3r1
NC_019870.2:4195908,NC_019870.2,4195908,4195908,Near_aDEG,pik3r1
NC_019870.2:4198872,NC_019870.2,4198872,4198872,Near_aDEG,pik3r1
NC_019870.2:4201541,NC_019870.2,4201541,4201541,Near_aDEG,pik3r1
NC_019870.2:4201555,NC_019870.2,4201555,4201555,Near_aDEG,pik3r1
NC_019870.2:6446138,NC_019870.2,6446138,6446138,Near_aDEG,dab2ip
NC_019870.2:6446150,NC_019870.2,6446150,6446150,Near_aDEG,dab2ip
NC_019870.2:6446156,NC_019870.2,6446156,6446156,Near_aDEG,dab2ip
NC_019870.2:6446164,NC_019870.2,6446164,6446164,Near_aDEG,dab2ip
NC_019870.2:6446174,NC_019870.2,6446174,6446174,Near_aDEG,dab2ip
NC_019870.2:6502208,NC_019870.2,6502208,6502208,Near_aDEG,dab2ip
NC_019870.2:8163883,NC_019870.2,8163883,8163883,Near_aDEG,LOC101159208
NC_019870.2:8170437,NC_019870.2,8170437,8170437,Near_aDEG,LOC101159208
NC_019870.2:8170473,NC_019870.2,8170473,8170473,Near_aDEG,LOC101159208
NC_019870.2:8170486,NC_019870.2,8170486,8170486,Near_aDEG,LOC101159208
NC_019870.2:8176031,NC_019870.2,8176031,8176031,Near_aDEG,LOC101159208
NC_019870.2:8939971,NC_019870.2,8939971,8939971,Near_aDEG,pstpip2
NC_019870.2:8939979,NC_019870.2,8939979,8939979,Near_aDEG,pstpip2
NC_019870.2:8949363,NC_019870.2,8949363,8949363,Near_aDEG,pstpip2
NC_019870.2:8949398,NC_019870.2,8949398,8949398,Near_aDEG,pstpip2
NC_019870.2:9082562,NC_019870.2,9082562,9082562,Near_aDEG,LOC105355212
NC_019870.2:9082567,NC_019870.2,9082567,9082567,Near_aDEG,LOC105355212
NC_019870.2:9082599,NC_019870.2,9082599,9082599,Near_aDEG,LOC105355212
NC_019870.2:9152500,NC_019870.2,9152500,9152500,Near_aDEG,tmem38b
NC_019870.2:10836746,NC_019870.2,10836746,10836746,Near_aDEG,gpsm1
NC_019870.2:10836786,NC_019870.2,10836786,10836786,Near_aDEG,gpsm1
NC_019870.2:10836798,NC_019870.2,10836798,10836798,Near_aDEG,gpsm1
NC_019870.2:10836835,NC_019870.2,10836835,10836835,Near_aDEG,gpsm1
NC_019870.2:10836855,NC_019870.2,10836855,10836855,Near_aDEG,gpsm1
NC_019870.2:10838496,NC_019870.2,10838496,10838496,Near_aDEG,gpsm1
NC_019870.2:10850561,NC_019870.2,10850561,10850561,Near_aDEG,LOC101171598
NC_019870.2:12302806,NC_019870.2,12302806,12302806,Near_aDEG,bspry
NC_019870.2:12302818,NC_019870.2,12302818,12302818,Near_aDEG,bspry
NC_019870.2:12302854,NC_019870.2,12302854,12302854,Near_aDEG,bspry
NC_019870.2:12302894,NC_019870.2,12302894,12302894,Near_aDEG,bspry
NC_019870.2:13535773,NC_019870.2,13535773,13535773,Near_aDEG,LOC101159686
NC_019870.2:13535809,NC_019870.2,13535809,13535809,Near_aDEG,LOC101159686
NC_019870.2:13571288,NC_019870.2,13571288,13571288,Near_aDEG,LOC101159686
NC_019870.2:13845023,NC_019870.2,13845023,13845023,Near_aDEG,LOC101162856
NC_019870.2:13845058,NC_019870.2,13845058,13845058,Near_aDEG,LOC101162856
NC_019870.2:14546940,NC_019870.2,14546940,14546940,Near_aDEG,pcyox1
NC_019870.2:14547358,NC_019870.2,14547358,14547358,Near_aDEG,pcyox1
NC_019870.2:14869709,NC_019870.2,14869709,14869709,Near_aDEG,rai14
NC_019870.2:18264100,NC_019870.2,18264100,18264100,Near_aDEG,dusp4
NC_019870.2:18264136,NC_019870.2,18264136,18264136,Near_aDEG,dusp4
NC_019870.2:18264183,NC_019870.2,18264183,18264183,Near_aDEG,dusp4
NC_019870.2:18477292,NC_019870.2,18477292,18477292,Near_aDEG,LOC101159368
NC_019870.2:18478182,NC_019870.2,18478182,18478182,Near_aDEG,LOC101159368
NC_019870.2:18484473,NC_019870.2,18484473,18484473,Near_aDEG,LOC101159368
NC_019870.2:18486058,NC_019870.2,18486058,18486058,Near_aDEG,LOC101159368
NC_019870.2:18486061,NC_019870.2,18486061,18486061,Near_aDEG,LOC101159368
NC_019870.2:18486063,NC_019870.2,18486063,18486063,Near_aDEG,LOC101159368
NC_019870.2:18486079,NC_019870.2,18486079,18486079,Near_aDEG,LOC101159368
NC_019870.2:18486362,NC_019870.2,18486362,18486362,Near_aDEG,LOC101159368
NC_019870.2:19253568,NC_019870.2,19253568,19253568,Near_aDEG,epha5
NC_019870.2:19253584,NC_019870.2,19253584,19253584,Near_aDEG,epha5
NC_019870.2:19272570,NC_019870.2,19272570,19272570,Near_aDEG,epha5
NC_019870.2:19300893,NC_019870.2,19300893,19300893,Near_aDEG,epha5
NC_019870.2:21405717,NC_019870.2,21405717,21405717,Near_aDEG,unc13b
NC_019870.2:21436012,NC_019870.2,21436012,21436012,Near_aDEG,unc13b
NC_019870.2:21436053,NC_019870.2,21436053,21436053,Near_aDEG,unc13b
NC_019870.2:21449446,NC_019870.2,21449446,21449446,Near_aDEG,unc13b
NC_019870.2:23018546,NC_019870.2,23018546,23018546,Near_aDEG,wdr5
NC_019870.2:24030344,NC_019870.2,24030344,24030344,Near_aDEG,LOC101155946
NC_019870.2:24046906,NC_019870.2,24046906,24046906,Near_aDEG,LOC101155946
NC_019870.2:24939934,NC_019870.2,24939934,24939934,Near_aDEG,nek6
NC_019870.2:24966137,NC_019870.2,24966137,24966137,Near_aDEG,nek6
NC_019870.2:26758495,NC_019870.2,26758495,26758495,Near_aDEG,arrdc1
NC_019870.2:26820746,NC_019870.2,26820746,26820746,Near_aDEG,phpt1
NC_019870.2:26821144,NC_019870.2,26821144,26821144,Near_aDEG,phpt1
NC_019870.2:27084081,NC_019870.2,27084081,27084081,Near_aDEG,purg
NC_019870.2:27084235,NC_019870.2,27084235,27084235,Near_aDEG,purg
NC_019870.2:27361317,NC_019870.2,27361317,27361317,Near_aDEG,sh3glb2
NC_019870.2:27905555,NC_019870.2,27905555,27905555,Near_aDEG,c6
NC_019870.2:28794333,NC_019870.2,28794333,28794333,Near_aDEG,LOC101161662
NC_019870.2:28794370,NC_019870.2,28794370,28794370,Near_aDEG,LOC101161662
NC_019870.2:28794628,NC_019870.2,28794628,28794628,Near_aDEG,LOC101161662
NC_019870.2:28794648,NC_019870.2,28794648,28794648,Near_aDEG,LOC101161662
NC_019870.2:28794838,NC_019870.2,28794838,28794838,Near_aDEG,LOC101161662
NC_019870.2:28826824,NC_019870.2,28826824,28826824,Near_aDEG,LOC101161662
NC_019870.2:28827046,NC_019870.2,28827046,28827046,Near_aDEG,LOC101161662
NC_019870.2:29532543,NC_019870.2,29532543,29532543,Near_aDEG,dcc
NC_019870.2:29547060,NC_019870.2,29547060,29547060,Near_aDEG,dcc
NC_019870.2:29547062,NC_019870.2,29547062,29547062,Near_aDEG,dcc
NC_019870.2:29547561,NC_019870.2,29547561,29547561,Near_aDEG,dcc
NC_019870.2:29547566,NC_019870.2,29547566,29547566,Near_aDEG,dcc
NC_019870.2:29547572,NC_019870.2,29547572,29547572,Near_aDEG,dcc
NC_019870.2:29547577,NC_019870.2,29547577,29547577,Near_aDEG,dcc
NC_019870.2:29580832,NC_019870.2,29580832,29580832,Near_aDEG,dcc
NC_019870.2:29580847,NC_019870.2,29580847,29580847,Near_aDEG,dcc
NC_019870.2:29591547,NC_019870.2,29591547,29591547,Near_aDEG,dcc
NC_019870.2:29591557,NC_019870.2,29591557,29591557,Near_aDEG,dcc
NC_019870.2:29591593,NC_019870.2,29591593,29591593,Near_aDEG,dcc
NC_019870.2:29613662,NC_019870.2,29613662,29613662,Near_aDEG,dcc
NC_019870.2:29654323,NC_019870.2,29654323,29654323,Near_aDEG,dcc
NC_019870.2:29711622,NC_019870.2,29711622,29711622,Near_aDEG,dcc
NC_019870.2:29711628,NC_019870.2,29711628,29711628,Near_aDEG,dcc
NC_019870.2:29711645,NC_019870.2,29711645,29711645,Near_aDEG,dcc
NC_019870.2:29711661,NC_019870.2,29711661,29711661,Near_aDEG,dcc
NC_019870.2:29771487,NC_019870.2,29771487,29771487,Near_aDEG,dcc
NC_019870.2:29775574,NC_019870.2,29775574,29775574,Near_aDEG,dcc
NC_019870.2:29775594,NC_019870.2,29775594,29775594,Near_aDEG,dcc
NC_019870.2:30020383,NC_019870.2,30020383,30020383,Near_aDEG,LOC105357584
NC_019871.2:1130619,NC_019871.2,1130619,1130619,Near_aDEG,LOC101171760
NC_019871.2:1133973,NC_019871.2,1133973,1133973,Near_aDEG,LOC101171760
NC_019871.2:1134006,NC_019871.2,1134006,1134006,Near_aDEG,LOC101171760
NC_019871.2:3025575,NC_019871.2,3025575,3025575,Near_aDEG,LOC101159840
NC_019871.2:3040226,NC_019871.2,3040226,3040226,Near_aDEG,LOC101159840
NC_019871.2:3188003,NC_019871.2,3188003,3188003,Near_aDEG,axl
NC_019871.2:3192820,NC_019871.2,3192820,3192820,Near_aDEG,axl
NC_019871.2:3286153,NC_019871.2,3286153,3286153,Near_aDEG,LOC101157631
NC_019871.2:3297620,NC_019871.2,3297620,3297620,Near_aDEG,LOC101157631
NC_019871.2:3297653,NC_019871.2,3297653,3297653,Near_aDEG,LOC101157631
NC_019871.2:3916587,NC_019871.2,3916587,3916587,Near_aDEG,eml2
NC_019871.2:4364161,NC_019871.2,4364161,4364161,Near_aDEG,kcnk6
NC_019871.2:5052988,NC_019871.2,5052988,5052988,Near_aDEG,ehd2
NC_019871.2:5052991,NC_019871.2,5052991,5052991,Near_aDEG,ehd2
NC_019871.2:5052999,NC_019871.2,5052999,5052999,Near_aDEG,ehd2
NC_019871.2:6577663,NC_019871.2,6577663,6577663,Near_aDEG,maml2
NC_019871.2:6616758,NC_019871.2,6616758,6616758,Near_aDEG,gab2
NC_019871.2:10547704,NC_019871.2,10547704,10547704,Near_aDEG,LOC101163594
NC_019871.2:12887262,NC_019871.2,12887262,12887262,Near_aDEG,rap2b
NC_019871.2:12887297,NC_019871.2,12887297,12887297,Near_aDEG,rap2b
NC_019871.2:12887431,NC_019871.2,12887431,12887431,Near_aDEG,rap2b
NC_019871.2:13123559,NC_019871.2,13123559,13123559,Near_aDEG,p2ry12
NC_019871.2:16465712,NC_019871.2,16465712,16465712,Near_aDEG,c1qtnf5
NC_019871.2:17182790,NC_019871.2,17182790,17182790,Near_aDEG,abhd15
NC_019871.2:17941962,NC_019871.2,17941962,17941962,Near_aDEG,dmac2
NC_019871.2:17941978,NC_019871.2,17941978,17941978,Near_aDEG,dmac2
NC_019871.2:20300571,NC_019871.2,20300571,20300571,Near_aDEG,sorl1
NC_019871.2:20310669,NC_019871.2,20310669,20310669,Near_aDEG,sorl1
NC_019871.2:20310679,NC_019871.2,20310679,20310679,Near_aDEG,sorl1
NC_019871.2:20672394,NC_019871.2,20672394,20672394,Near_aDEG,arhgef17
NC_019871.2:20672413,NC_019871.2,20672413,20672413,Near_aDEG,arhgef17
NC_019871.2:20688516,NC_019871.2,20688516,20688516,Near_aDEG,p2ry6
NC_019871.2:21575530,NC_019871.2,21575530,21575530,Near_aDEG,rab38
NC_019871.2:22504505,NC_019871.2,22504505,22504505,Near_aDEG,fzd9
NC_019871.2:22504515,NC_019871.2,22504515,22504515,Near_aDEG,fzd9
NC_019871.2:22504591,NC_019871.2,22504591,22504591,Near_aDEG,fzd9
NC_019871.2:22504596,NC_019871.2,22504596,22504596,Near_aDEG,fzd9
NC_019871.2:22504599,NC_019871.2,22504599,22504599,Near_aDEG,fzd9
NC_019871.2:22504610,NC_019871.2,22504610,22504610,Near_aDEG,fzd9
NC_019871.2:22504643,NC_019871.2,22504643,22504643,Near_aDEG,fzd9
NC_019871.2:22504651,NC_019871.2,22504651,22504651,Near_aDEG,fzd9
NC_019871.2:22504658,NC_019871.2,22504658,22504658,Near_aDEG,fzd9
NC_019871.2:22504660,NC_019871.2,22504660,22504660,Near_aDEG,fzd9
NC_019871.2:22504668,NC_019871.2,22504668,22504668,Near_aDEG,fzd9
NC_019871.2:22504836,NC_019871.2,22504836,22504836,Near_aDEG,fzd9
NC_019871.2:22505882,NC_019871.2,22505882,22505882,Near_aDEG,fzd9
NC_019871.2:24764396,NC_019871.2,24764396,24764396,Near_aDEG,kcnab1
NC_019871.2:25376566,NC_019871.2,25376566,25376566,Near_aDEG,tnfrsf19
NC_019871.2:25380913,NC_019871.2,25380913,25380913,Near_aDEG,tnfrsf19
NC_019871.2:25383250,NC_019871.2,25383250,25383250,Near_aDEG,tnfrsf19
NC_019871.2:25577616,NC_019871.2,25577616,25577616,Near_aDEG,LOC101169056
NC_019871.2:27378367,NC_019871.2,27378367,27378367,Near_aDEG,tp53i13
NC_019871.2:29906835,NC_019871.2,29906835,29906835,Near_aDEG,tbx2
NC_019871.2:29906840,NC_019871.2,29906840,29906840,Near_aDEG,tbx2
NC_019871.2:29906859,NC_019871.2,29906859,29906859,Near_aDEG,tbx2
NC_019871.2:29906870,NC_019871.2,29906870,29906870,Near_aDEG,tbx2
NC_019871.2:29906890,NC_019871.2,29906890,29906890,Near_aDEG,tbx2
NC_019871.2:29907204,NC_019871.2,29907204,29907204,Near_aDEG,tbx2
NC_019871.2:29907255,NC_019871.2,29907255,29907255,Near_aDEG,tbx2
NC_019871.2:29907288,NC_019871.2,29907288,29907288,Near_aDEG,tbx2
NC_019871.2:29907311,NC_019871.2,29907311,29907311,Near_aDEG,tbx2
NC_019871.2:29907344,NC_019871.2,29907344,29907344,Near_aDEG,tbx2
NC_019871.2:29907368,NC_019871.2,29907368,29907368,Near_aDEG,tbx2
NC_019871.2:29907377,NC_019871.2,29907377,29907377,Near_aDEG,tbx2
NC_019871.2:29907509,NC_019871.2,29907509,29907509,Near_aDEG,tbx2
NC_019871.2:29907515,NC_019871.2,29907515,29907515,Near_aDEG,tbx2
NC_019871.2:29907530,NC_019871.2,29907530,29907530,Near_aDEG,tbx2
NC_019871.2:29907664,NC_019871.2,29907664,29907664,Near_aDEG,tbx2
NC_019871.2:29907669,NC_019871.2,29907669,29907669,Near_aDEG,tbx2
NC_019871.2:29907672,NC_019871.2,29907672,29907672,Near_aDEG,tbx2
NC_019871.2:29907676,NC_019871.2,29907676,29907676,Near_aDEG,tbx2
NC_019871.2:29907679,NC_019871.2,29907679,29907679,Near_aDEG,tbx2
NC_019871.2:29907683,NC_019871.2,29907683,29907683,Near_aDEG,tbx2
NC_019871.2:29907693,NC_019871.2,29907693,29907693,Near_aDEG,tbx2
NC_019871.2:29907716,NC_019871.2,29907716,29907716,Near_aDEG,tbx2
NC_019871.2:29911704,NC_019871.2,29911704,29911704,Near_aDEG,tbx2
NC_019871.2:29911756,NC_019871.2,29911756,29911756,Near_aDEG,tbx2
NC_019871.2:29912756,NC_019871.2,29912756,29912756,Near_aDEG,tbx2
NC_019871.2:29912787,NC_019871.2,29912787,29912787,Near_aDEG,tbx2
NC_019871.2:29912792,NC_019871.2,29912792,29912792,Near_aDEG,tbx2
NC_019871.2:29912832,NC_019871.2,29912832,29912832,Near_aDEG,tbx2
NC_019871.2:29912837,NC_019871.2,29912837,29912837,Near_aDEG,tbx2
NC_019871.2:29912844,NC_019871.2,29912844,29912844,Near_aDEG,tbx2
NC_019871.2:29912848,NC_019871.2,29912848,29912848,Near_aDEG,tbx2
NC_019871.2:29912969,NC_019871.2,29912969,29912969,Near_aDEG,tbx2
NC_019871.2:29913001,NC_019871.2,29913001,29913001,Near_aDEG,tbx2
NC_019871.2:29913025,NC_019871.2,29913025,29913025,Near_aDEG,tbx2
NC_019871.2:29913029,NC_019871.2,29913029,29913029,Near_aDEG,tbx2
NC_019871.2:29913041,NC_019871.2,29913041,29913041,Near_aDEG,tbx2
NC_019871.2:29913045,NC_019871.2,29913045,29913045,Near_aDEG,tbx2
NC_019871.2:29913050,NC_019871.2,29913050,29913050,Near_aDEG,tbx2
NC_019871.2:29913058,NC_019871.2,29913058,29913058,Near_aDEG,tbx2
NC_019871.2:29913060,NC_019871.2,29913060,29913060,Near_aDEG,tbx2
NC_019871.2:29913253,NC_019871.2,29913253,29913253,Near_aDEG,tbx2
NC_019871.2:29913255,NC_019871.2,29913255,29913255,Near_aDEG,tbx2
NC_019871.2:29913259,NC_019871.2,29913259,29913259,Near_aDEG,tbx2
NC_019871.2:29913340,NC_019871.2,29913340,29913340,Near_aDEG,tbx2
NC_019871.2:29913348,NC_019871.2,29913348,29913348,Near_aDEG,tbx2
NC_019871.2:29913373,NC_019871.2,29913373,29913373,Near_aDEG,tbx2
NC_019871.2:29913378,NC_019871.2,29913378,29913378,Near_aDEG,tbx2
NC_019871.2:29913395,NC_019871.2,29913395,29913395,Near_aDEG,tbx2
NC_019871.2:29913398,NC_019871.2,29913398,29913398,Near_aDEG,tbx2
NC_019871.2:29913403,NC_019871.2,29913403,29913403,Near_aDEG,tbx2
NC_019871.2:29913418,NC_019871.2,29913418,29913418,Near_aDEG,tbx2
NC_019871.2:29913422,NC_019871.2,29913422,29913422,Near_aDEG,tbx2
NC_019871.2:29913431,NC_019871.2,29913431,29913431,Near_aDEG,tbx2
NC_019871.2:29913434,NC_019871.2,29913434,29913434,Near_aDEG,tbx2
NC_019871.2:29913445,NC_019871.2,29913445,29913445,Near_aDEG,tbx2
NC_019871.2:29913466,NC_019871.2,29913466,29913466,Near_aDEG,tbx2
NC_019871.2:29913489,NC_019871.2,29913489,29913489,Near_aDEG,tbx2
NC_019871.2:29913533,NC_019871.2,29913533,29913533,Near_aDEG,tbx2
NC_019871.2:29917678,NC_019871.2,29917678,29917678,Near_aDEG,tbx2
NC_019871.2:29917723,NC_019871.2,29917723,29917723,Near_aDEG,tbx2
NC_019871.2:29917730,NC_019871.2,29917730,29917730,Near_aDEG,tbx2
NC_019871.2:29917766,NC_019871.2,29917766,29917766,Near_aDEG,tbx2
NC_019871.2:29917783,NC_019871.2,29917783,29917783,Near_aDEG,tbx2
NC_019871.2:29917792,NC_019871.2,29917792,29917792,Near_aDEG,tbx2
NC_019871.2:29917797,NC_019871.2,29917797,29917797,Near_aDEG,tbx2
NC_019871.2:29917848,NC_019871.2,29917848,29917848,Near_aDEG,tbx2
NC_019871.2:29917880,NC_019871.2,29917880,29917880,Near_aDEG,tbx2
NC_019871.2:29917898,NC_019871.2,29917898,29917898,Near_aDEG,tbx2
NC_019871.2:30737461,NC_019871.2,30737461,30737461,Near_aDEG,omg
NC_019871.2:30747282,NC_019871.2,30747282,30747282,Near_aDEG,omg
NC_019871.2:30747293,NC_019871.2,30747293,30747293,Near_aDEG,omg
NC_019871.2:30747305,NC_019871.2,30747305,30747305,Near_aDEG,omg
NC_019871.2:30747308,NC_019871.2,30747308,30747308,Near_aDEG,omg
NC_019871.2:31044919,NC_019871.2,31044919,31044919,Near_aDEG,zbtb44
NC_019871.2:31057067,NC_019871.2,31057067,31057067,Near_aDEG,zbtb44
NC_019871.2:31057192,NC_019871.2,31057192,31057192,Near_aDEG,zbtb44
NC_019871.2:31057206,NC_019871.2,31057206,31057206,Near_aDEG,zbtb44
NC_019871.2:31660907,NC_019871.2,31660907,31660907,Near_aDEG,LOC111948402
NC_019871.2:31660909,NC_019871.2,31660909,31660909,Near_aDEG,LOC111948402
NC_019872.2:156523,NC_019872.2,156523,156523,Near_aDEG,hsc70
NC_019872.2:2870029,NC_019872.2,2870029,2870029,Near_aDEG,LOC101158876
NC_019872.2:2870058,NC_019872.2,2870058,2870058,Near_aDEG,LOC101158876
NC_019872.2:2870073,NC_019872.2,2870073,2870073,Near_aDEG,LOC101158876
NC_019872.2:2870078,NC_019872.2,2870078,2870078,Near_aDEG,LOC101158876
NC_019872.2:3768179,NC_019872.2,3768179,3768179,Near_aDEG,sec24a
NC_019872.2:4893125,NC_019872.2,4893125,4893125,Near_aDEG,fnip1
NC_019872.2:6760180,NC_019872.2,6760180,6760180,Near_aDEG,spry4
NC_019872.2:6760226,NC_019872.2,6760226,6760226,Near_aDEG,spry4
NC_019872.2:6760251,NC_019872.2,6760251,6760251,Near_aDEG,spry4
NC_019872.2:6760277,NC_019872.2,6760277,6760277,Near_aDEG,spry4
NC_019872.2:6760309,NC_019872.2,6760309,6760309,Near_aDEG,spry4
NC_019872.2:6760434,NC_019872.2,6760434,6760434,Near_aDEG,spry4
NC_019872.2:6760472,NC_019872.2,6760472,6760472,Near_aDEG,spry4
NC_019872.2:6760491,NC_019872.2,6760491,6760491,Near_aDEG,spry4
NC_019872.2:6822461,NC_019872.2,6822461,6822461,Near_aDEG,fgf1
NC_019872.2:7819548,NC_019872.2,7819548,7819548,Near_aDEG,LOC101173804
NC_019872.2:7827386,NC_019872.2,7827386,7827386,Near_aDEG,LOC101173804
NC_019872.2:8740385,NC_019872.2,8740385,8740385,Near_aDEG,LOC101163431
NC_019872.2:8740389,NC_019872.2,8740389,8740389,Near_aDEG,LOC101163431
NC_019872.2:9084512,NC_019872.2,9084512,9084512,Near_aDEG,LOC111948701
NC_019872.2:9089963,NC_019872.2,9089963,9089963,Near_aDEG,LOC111948701
NC_019872.2:9188645,NC_019872.2,9188645,9188645,Near_aDEG,smg6
NC_019872.2:9188686,NC_019872.2,9188686,9188686,Near_aDEG,smg6
NC_019872.2:9188689,NC_019872.2,9188689,9188689,Near_aDEG,smg6
NC_019872.2:9188862,NC_019872.2,9188862,9188862,Near_aDEG,smg6
NC_019872.2:9188867,NC_019872.2,9188867,9188867,Near_aDEG,smg6
NC_019872.2:9875661,NC_019872.2,9875661,9875661,Near_aDEG,LOC101168389
NC_019872.2:9875681,NC_019872.2,9875681,9875681,Near_aDEG,LOC101168389
NC_019872.2:9895275,NC_019872.2,9895275,9895275,Near_aDEG,LOC101168389
NC_019872.2:10131954,NC_019872.2,10131954,10131954,Near_aDEG,LOC101169132
NC_019872.2:10135939,NC_019872.2,10135939,10135939,Near_aDEG,LOC101169132
NC_019872.2:10135946,NC_019872.2,10135946,10135946,Near_aDEG,LOC101169132
NC_019872.2:12206008,NC_019872.2,12206008,12206008,Near_aDEG,LOC101173729
NC_019872.2:12279990,NC_019872.2,12279990,12279990,Near_aDEG,LOC101156270
NC_019872.2:12448401,NC_019872.2,12448401,12448401,Near_aDEG,LOC101157237
NC_019872.2:12824254,NC_019872.2,12824254,12824254,Near_aDEG,LOC101169307
NC_019872.2:12827621,NC_019872.2,12827621,12827621,Near_aDEG,LOC101169307
NC_019872.2:12827626,NC_019872.2,12827626,12827626,Near_aDEG,LOC101169307
NC_019872.2:13554157,NC_019872.2,13554157,13554157,Near_aDEG,LOC101164582
NC_019872.2:13556743,NC_019872.2,13556743,13556743,Near_aDEG,LOC101164582
NC_019872.2:13576065,NC_019872.2,13576065,13576065,Near_aDEG,LOC101164582
NC_019872.2:13576101,NC_019872.2,13576101,13576101,Near_aDEG,LOC101164582
NC_019872.2:13901160,NC_019872.2,13901160,13901160,Near_aDEG,sms
NC_019872.2:13901790,NC_019872.2,13901790,13901790,Near_aDEG,sms
NC_019872.2:13929550,NC_019872.2,13929550,13929550,Near_aDEG,LOC101166653
NC_019872.2:13934831,NC_019872.2,13934831,13934831,Near_aDEG,LOC101166653
NC_019872.2:15218204,NC_019872.2,15218204,15218204,Near_aDEG,c2cd2l
NC_019872.2:15227407,NC_019872.2,15227407,15227407,Near_aDEG,c2cd2l
NC_019872.2:16215343,NC_019872.2,16215343,16215343,Near_aDEG,LOC101158877
NC_019872.2:20763361,NC_019872.2,20763361,20763361,Near_aDEG,flot2
NC_019872.2:20824637,NC_019872.2,20824637,20824637,Near_aDEG,trpv1
NC_019872.2:20827050,NC_019872.2,20827050,20827050,Near_aDEG,trpv1
NC_019872.2:20833014,NC_019872.2,20833014,20833014,Near_aDEG,trpv1
NC_019872.2:21448033,NC_019872.2,21448033,21448033,Near_aDEG,specc1
NC_019872.2:21461124,NC_019872.2,21461124,21461124,Near_aDEG,specc1
NC_019872.2:21484070,NC_019872.2,21484070,21484070,Near_aDEG,specc1
NC_019872.2:21484097,NC_019872.2,21484097,21484097,Near_aDEG,specc1
NC_019872.2:21484308,NC_019872.2,21484308,21484308,Near_aDEG,specc1
NC_019872.2:21484342,NC_019872.2,21484342,21484342,Near_aDEG,specc1
NC_019872.2:21484344,NC_019872.2,21484344,21484344,Near_aDEG,specc1
NC_019872.2:21488196,NC_019872.2,21488196,21488196,Near_aDEG,specc1
NC_019872.2:21524492,NC_019872.2,21524492,21524492,Near_aDEG,specc1
NC_019872.2:21524497,NC_019872.2,21524497,21524497,Near_aDEG,specc1
NC_019872.2:21524520,NC_019872.2,21524520,21524520,Near_aDEG,specc1
NC_019872.2:21524540,NC_019872.2,21524540,21524540,Near_aDEG,specc1
NC_019872.2:21524545,NC_019872.2,21524545,21524545,Near_aDEG,specc1
NC_019872.2:21529712,NC_019872.2,21529712,21529712,Near_aDEG,specc1
NC_019872.2:23034872,NC_019872.2,23034872,23034872,Near_aDEG,slc23a1
NC_019872.2:24456663,NC_019872.2,24456663,24456663,Near_aDEG,LOC100049521
NC_019872.2:24456678,NC_019872.2,24456678,24456678,Near_aDEG,LOC100049521
NC_019872.2:24456681,NC_019872.2,24456681,24456681,Near_aDEG,LOC100049521
NC_019872.2:24471030,NC_019872.2,24471030,24471030,Near_aDEG,LOC100049521
NC_019872.2:24471032,NC_019872.2,24471032,24471032,Near_aDEG,LOC100049521
NC_019872.2:30133422,NC_019872.2,30133422,30133422,Near_aDEG,LOC101165960
NC_019872.2:30509432,NC_019872.2,30509432,30509432,Near_aDEG,coll
NC_019872.2:30509435,NC_019872.2,30509435,30509435,Near_aDEG,coll
NC_019872.2:30509458,NC_019872.2,30509458,30509458,Near_aDEG,coll
NC_019873.2:3159180,NC_019873.2,3159180,3159180,Near_aDEG,LOC101162065
NC_019873.2:3850290,NC_019873.2,3850290,3850290,Near_aDEG,cep68
NC_019873.2:3850292,NC_019873.2,3850292,3850292,Near_aDEG,cep68
NC_019873.2:4673719,NC_019873.2,4673719,4673719,Near_aDEG,LOC101167227
NC_019873.2:4673730,NC_019873.2,4673730,4673730,Near_aDEG,LOC101167227
NC_019873.2:4803250,NC_019873.2,4803250,4803250,Near_aDEG,atp6v1ba
NC_019873.2:4807204,NC_019873.2,4807204,4807204,Near_aDEG,atp6v1ba
NC_019873.2:4807235,NC_019873.2,4807235,4807235,Near_aDEG,atp6v1ba
NC_019873.2:4829775,NC_019873.2,4829775,4829775,Near_aDEG,atp6v1ba
NC_019873.2:7558768,NC_019873.2,7558768,7558768,Near_aDEG,LOC101171769
NC_019873.2:7558770,NC_019873.2,7558770,7558770,Near_aDEG,LOC101171769
NC_019873.2:11715040,NC_019873.2,11715040,11715040,Near_aDEG,spred2
NC_019873.2:11715046,NC_019873.2,11715046,11715046,Near_aDEG,spred2
NC_019873.2:11715081,NC_019873.2,11715081,11715081,Near_aDEG,spred2
NC_019873.2:11721034,NC_019873.2,11721034,11721034,Near_aDEG,spred2
NC_019873.2:11723355,NC_019873.2,11723355,11723355,Near_aDEG,spred2
NC_019873.2:11728279,NC_019873.2,11728279,11728279,Near_aDEG,spred2
NC_019873.2:11731158,NC_019873.2,11731158,11731158,Near_aDEG,spred2
NC_019873.2:12585027,NC_019873.2,12585027,12585027,Near_aDEG,LOC101172187
NC_019873.2:15603323,NC_019873.2,15603323,15603323,Near_aDEG,LOC101155293
NC_019873.2:16746509,NC_019873.2,16746509,16746509,Near_aDEG,LOC101162468
NC_019873.2:16746517,NC_019873.2,16746517,16746517,Near_aDEG,LOC101162468
NC_019873.2:16746587,NC_019873.2,16746587,16746587,Near_aDEG,LOC101162468
NC_019873.2:16762723,NC_019873.2,16762723,16762723,Near_aDEG,LOC101162468
NC_019873.2:16771932,NC_019873.2,16771932,16771932,Near_aDEG,LOC101162468
NC_019873.2:18316307,NC_019873.2,18316307,18316307,Near_aDEG,bicc1
NC_019873.2:18455900,NC_019873.2,18455900,18455900,Near_aDEG,LOC101165834
NC_019873.2:18472799,NC_019873.2,18472799,18472799,Near_aDEG,LOC101165834
NC_019873.2:18472827,NC_019873.2,18472827,18472827,Near_aDEG,LOC101165834
NC_019873.2:19931943,NC_019873.2,19931943,19931943,Near_aDEG,sh3pxd2a
NC_019873.2:19931961,NC_019873.2,19931961,19931961,Near_aDEG,sh3pxd2a
NC_019873.2:19931983,NC_019873.2,19931983,19931983,Near_aDEG,sh3pxd2a
NC_019873.2:20151104,NC_019873.2,20151104,20151104,Near_aDEG,prkg1
NC_019873.2:20151107,NC_019873.2,20151107,20151107,Near_aDEG,prkg1
NC_019873.2:20151112,NC_019873.2,20151112,20151112,Near_aDEG,prkg1
NC_019873.2:20151116,NC_019873.2,20151116,20151116,Near_aDEG,prkg1
NC_019873.2:20236552,NC_019873.2,20236552,20236552,Near_aDEG,prkg1
NC_019873.2:20813547,NC_019873.2,20813547,20813547,Near_aDEG,lrmda
NC_019873.2:20831427,NC_019873.2,20831427,20831427,Near_aDEG,lrmda
NC_019873.2:20843761,NC_019873.2,20843761,20843761,Near_aDEG,lrmda
NC_019873.2:20878596,NC_019873.2,20878596,20878596,Near_aDEG,lrmda
NC_019873.2:20887697,NC_019873.2,20887697,20887697,Near_aDEG,lrmda
NC_019873.2:20933301,NC_019873.2,20933301,20933301,Near_aDEG,lrmda
NC_019873.2:21016078,NC_019873.2,21016078,21016078,Near_aDEG,lrmda
NC_019873.2:21016097,NC_019873.2,21016097,21016097,Near_aDEG,lrmda
NC_019873.2:21016131,NC_019873.2,21016131,21016131,Near_aDEG,lrmda
NC_019873.2:22152959,NC_019873.2,22152959,22152959,Near_aDEG,LOC101157638
NC_019873.2:22152962,NC_019873.2,22152962,22152962,Near_aDEG,LOC101157638
NC_019873.2:22153242,NC_019873.2,22153242,22153242,Near_aDEG,LOC101157638
NC_019873.2:22153263,NC_019873.2,22153263,22153263,Near_aDEG,LOC101157638
NC_019873.2:22184773,NC_019873.2,22184773,22184773,Near_aDEG,stox1
NC_019873.2:22201099,NC_019873.2,22201099,22201099,Near_aDEG,stox1
NC_019873.2:22201124,NC_019873.2,22201124,22201124,Near_aDEG,stox1
NC_019873.2:22208571,NC_019873.2,22208571,22208571,Near_aDEG,stox1
NC_019873.2:22211080,NC_019873.2,22211080,22211080,Near_aDEG,stox1
NC_019873.2:22211090,NC_019873.2,22211090,22211090,Near_aDEG,stox1
NC_019873.2:22640357,NC_019873.2,22640357,22640357,Near_aDEG,sfrp5
NC_019873.2:23161015,NC_019873.2,23161015,23161015,Near_aDEG,cutc
NC_019873.2:23161029,NC_019873.2,23161029,23161029,Near_aDEG,cutc
NC_019873.2:23349454,NC_019873.2,23349454,23349454,Near_aDEG,LOC101162549
NC_019873.2:23349505,NC_019873.2,23349505,23349505,Near_aDEG,LOC101162549
NC_019873.2:23349515,NC_019873.2,23349515,23349515,Near_aDEG,LOC101162549
NC_019873.2:23349678,NC_019873.2,23349678,23349678,Near_aDEG,LOC101162549
NC_019873.2:23350622,NC_019873.2,23350622,23350622,Near_aDEG,LOC101162549
NC_019873.2:23350706,NC_019873.2,23350706,23350706,Near_aDEG,LOC101162549
NC_019873.2:23350729,NC_019873.2,23350729,23350729,Near_aDEG,LOC101162549
NC_019873.2:23355398,NC_019873.2,23355398,23355398,Near_aDEG,LOC101162549
NC_019873.2:23355402,NC_019873.2,23355402,23355402,Near_aDEG,LOC101162549
NC_019873.2:23395325,NC_019873.2,23395325,23395325,Near_aDEG,mgea5
NC_019873.2:23395486,NC_019873.2,23395486,23395486,Near_aDEG,mgea5
NC_019873.2:23395493,NC_019873.2,23395493,23395493,Near_aDEG,mgea5
NC_019873.2:23395513,NC_019873.2,23395513,23395513,Near_aDEG,mgea5
NC_019873.2:23395532,NC_019873.2,23395532,23395532,Near_aDEG,mgea5
NC_019873.2:23395789,NC_019873.2,23395789,23395789,Near_aDEG,mgea5
NC_019873.2:23401949,NC_019873.2,23401949,23401949,Near_aDEG,mgea5
NC_019873.2:23402627,NC_019873.2,23402627,23402627,Near_aDEG,mgea5
NC_019873.2:23404496,NC_019873.2,23404496,23404496,Near_aDEG,mgea5
NC_019873.2:23404513,NC_019873.2,23404513,23404513,Near_aDEG,mgea5
NC_019873.2:24052341,NC_019873.2,24052341,24052341,Near_aDEG,elovl5
NC_019873.2:24052346,NC_019873.2,24052346,24052346,Near_aDEG,elovl5
NC_019873.2:25681343,NC_019873.2,25681343,25681343,Near_aDEG,nrxn1
NC_019873.2:25714893,NC_019873.2,25714893,25714893,Near_aDEG,nrxn1
NC_019873.2:25714982,NC_019873.2,25714982,25714982,Near_aDEG,nrxn1
NC_019873.2:25757048,NC_019873.2,25757048,25757048,Near_aDEG,nrxn1
NC_019873.2:25810416,NC_019873.2,25810416,25810416,Near_aDEG,nrxn1
NC_019873.2:25856883,NC_019873.2,25856883,25856883,Near_aDEG,nrxn1
NC_019873.2:26349729,NC_019873.2,26349729,26349729,Near_aDEG,tmem87b
NC_019873.2:26349734,NC_019873.2,26349734,26349734,Near_aDEG,tmem87b
NC_019873.2:28458660,NC_019873.2,28458660,28458660,Near_aDEG,disc1
NC_019873.2:28458971,NC_019873.2,28458971,28458971,Near_aDEG,disc1
NC_019873.2:28459510,NC_019873.2,28459510,28459510,Near_aDEG,disc1
NC_019873.2:28459513,NC_019873.2,28459513,28459513,Near_aDEG,disc1
NC_019873.2:28459547,NC_019873.2,28459547,28459547,Near_aDEG,disc1
NC_019873.2:28462698,NC_019873.2,28462698,28462698,Near_aDEG,disc1
NC_019873.2:28462700,NC_019873.2,28462700,28462700,Near_aDEG,disc1
NC_019873.2:29729354,NC_019873.2,29729354,29729354,Near_aDEG,lrrfip2
NC_019873.2:30069502,NC_019873.2,30069502,30069502,Near_aDEG,fam204a
NC_019873.2:30070315,NC_019873.2,30070315,30070315,Near_aDEG,fam204a
NC_019873.2:30070363,NC_019873.2,30070363,30070363,Near_aDEG,fam204a
NC_019874.2:126915,NC_019874.2,126915,126915,Near_aDEG,phactr4
NC_019874.2:152335,NC_019874.2,152335,152335,Near_aDEG,phactr4
NC_019874.2:158010,NC_019874.2,158010,158010,Near_aDEG,phactr4
NC_019874.2:336501,NC_019874.2,336501,336501,Near_aDEG,LOC101173834
NC_019874.2:336583,NC_019874.2,336583,336583,Near_aDEG,LOC101173834
NC_019874.2:336587,NC_019874.2,336587,336587,Near_aDEG,LOC101173834
NC_019874.2:1037814,NC_019874.2,1037814,1037814,Near_aDEG,LOC101163647
NC_019874.2:1037816,NC_019874.2,1037816,1037816,Near_aDEG,LOC101163647
NC_019874.2:1037839,NC_019874.2,1037839,1037839,Near_aDEG,LOC101163647
NC_019874.2:3032952,NC_019874.2,3032952,3032952,Near_aDEG,LOC101157521
NC_019874.2:3042951,NC_019874.2,3042951,3042951,Near_aDEG,LOC101157521
NC_019874.2:3042956,NC_019874.2,3042956,3042956,Near_aDEG,LOC101157521
NC_019874.2:3051880,NC_019874.2,3051880,3051880,Near_aDEG,LOC101157521
NC_019874.2:3113701,NC_019874.2,3113701,3113701,Near_aDEG,LOC101157521
NC_019874.2:3113711,NC_019874.2,3113711,3113711,Near_aDEG,LOC101157521
NC_019874.2:3113746,NC_019874.2,3113746,3113746,Near_aDEG,LOC101157521
NC_019874.2:3113752,NC_019874.2,3113752,3113752,Near_aDEG,LOC101157521
NC_019874.2:3113782,NC_019874.2,3113782,3113782,Near_aDEG,LOC101157521
NC_019874.2:3120673,NC_019874.2,3120673,3120673,Near_aDEG,LOC101157521
NC_019874.2:3120675,NC_019874.2,3120675,3120675,Near_aDEG,LOC101157521
NC_019874.2:3200805,NC_019874.2,3200805,3200805,Near_aDEG,LOC101157521
NC_019874.2:3200816,NC_019874.2,3200816,3200816,Near_aDEG,LOC101157521
NC_019874.2:5480028,NC_019874.2,5480028,5480028,Near_aDEG,zufsp
NC_019874.2:5862417,NC_019874.2,5862417,5862417,Near_aDEG,LOC101162865
NC_019874.2:7400954,NC_019874.2,7400954,7400954,Near_aDEG,fam210a
NC_019874.2:7607420,NC_019874.2,7607420,7607420,Near_aDEG,LOC101170211
NC_019874.2:7825407,NC_019874.2,7825407,7825407,Near_aDEG,LOC101170951
NC_019874.2:7826269,NC_019874.2,7826269,7826269,Near_aDEG,LOC101170951
NC_019874.2:8874002,NC_019874.2,8874002,8874002,Near_aDEG,nod1
NC_019874.2:8874009,NC_019874.2,8874009,8874009,Near_aDEG,nod1
NC_019874.2:8874014,NC_019874.2,8874014,8874014,Near_aDEG,nod1
NC_019874.2:9642703,NC_019874.2,9642703,9642703,Near_aDEG,LOC101173088
NC_019874.2:9694507,NC_019874.2,9694507,9694507,Near_aDEG,gadl1
NC_019874.2:9706727,NC_019874.2,9706727,9706727,Near_aDEG,gadl1
NC_019874.2:9988233,NC_019874.2,9988233,9988233,Near_aDEG,tmem158
NC_019874.2:10365002,NC_019874.2,10365002,10365002,Near_aDEG,mrs2
NC_019874.2:10365038,NC_019874.2,10365038,10365038,Near_aDEG,mrs2
NC_019874.2:10365043,NC_019874.2,10365043,10365043,Near_aDEG,mrs2
NC_019874.2:10571622,NC_019874.2,10571622,10571622,Near_aDEG,sntb1
NC_019874.2:14047514,NC_019874.2,14047514,14047514,Near_aDEG,mdh2
NC_019874.2:14052158,NC_019874.2,14052158,14052158,Near_aDEG,mdh2
NC_019874.2:14052224,NC_019874.2,14052224,14052224,Near_aDEG,mdh2
NC_019874.2:14052246,NC_019874.2,14052246,14052246,Near_aDEG,mdh2
NC_019874.2:15261461,NC_019874.2,15261461,15261461,Near_aDEG,aplp1
NC_019874.2:15261468,NC_019874.2,15261468,15261468,Near_aDEG,aplp1
NC_019874.2:15628408,NC_019874.2,15628408,15628408,Near_aDEG,LOC105355917
NC_019874.2:15628434,NC_019874.2,15628434,15628434,Near_aDEG,LOC105355917
NC_019874.2:15628466,NC_019874.2,15628466,15628466,Near_aDEG,LOC105355917
NC_019874.2:15742152,NC_019874.2,15742152,15742152,Near_aDEG,LOC100125506
NC_019874.2:16384244,NC_019874.2,16384244,16384244,Near_aDEG,LOC101161576
NC_019874.2:16835594,NC_019874.2,16835594,16835594,Near_aDEG,LOC101164503
NC_019874.2:17116643,NC_019874.2,17116643,17116643,Near_aDEG,LOC101165585
NC_019874.2:17923451,NC_019874.2,17923451,17923451,Near_aDEG,crot
NC_019874.2:18123586,NC_019874.2,18123586,18123586,Near_aDEG,LOC101172843
NC_019874.2:18183703,NC_019874.2,18183703,18183703,Near_aDEG,LOC101173653
NC_019874.2:18184884,NC_019874.2,18184884,18184884,Near_aDEG,LOC101173653
NC_019874.2:18515480,NC_019874.2,18515480,18515480,Near_aDEG,efna1
NC_019874.2:18515489,NC_019874.2,18515489,18515489,Near_aDEG,efna1
NC_019874.2:18515593,NC_019874.2,18515593,18515593,Near_aDEG,efna1
NC_019874.2:18930757,NC_019874.2,18930757,18930757,Near_aDEG,LOC101157319
NC_019874.2:19861336,NC_019874.2,19861336,19861336,Near_aDEG,LOC101166414
NC_019874.2:19861343,NC_019874.2,19861343,19861343,Near_aDEG,LOC101166414
NC_019874.2:21464054,NC_019874.2,21464054,21464054,Near_aDEG,LOC101155297
NC_019874.2:22384532,NC_019874.2,22384532,22384532,Near_aDEG,cadm4
NC_019874.2:22471545,NC_019874.2,22471545,22471545,Near_aDEG,cadm4
NC_019874.2:22535098,NC_019874.2,22535098,22535098,Near_aDEG,LOC101164588
NC_019874.2:22908028,NC_019874.2,22908028,22908028,Near_aDEG,LOC101170545
NC_019874.2:23363464,NC_019874.2,23363464,23363464,Near_aDEG,csf3r
NC_019874.2:23363493,NC_019874.2,23363493,23363493,Near_aDEG,csf3r
NC_019874.2:24077188,NC_019874.2,24077188,24077188,Near_aDEG,LOC101155461
NC_019874.2:24077221,NC_019874.2,24077221,24077221,Near_aDEG,LOC101155461
NC_019874.2:25432681,NC_019874.2,25432681,25432681,Near_aDEG,mag
NC_019874.2:26130906,NC_019874.2,26130906,26130906,Near_aDEG,bmper
NC_019874.2:26141243,NC_019874.2,26141243,26141243,Near_aDEG,bmper
NC_019874.2:26141265,NC_019874.2,26141265,26141265,Near_aDEG,bmper
NC_019874.2:26141314,NC_019874.2,26141314,26141314,Near_aDEG,bmper
NC_019874.2:26141498,NC_019874.2,26141498,26141498,Near_aDEG,bmper
NC_019874.2:26141527,NC_019874.2,26141527,26141527,Near_aDEG,bmper
NC_019874.2:26141552,NC_019874.2,26141552,26141552,Near_aDEG,bmper
NC_019874.2:26143713,NC_019874.2,26143713,26143713,Near_aDEG,bmper
NC_019874.2:26143729,NC_019874.2,26143729,26143729,Near_aDEG,bmper
NC_019874.2:27108442,NC_019874.2,27108442,27108442,Near_aDEG,tmod4
NC_019874.2:28116572,NC_019874.2,28116572,28116572,Near_aDEG,LOC101169638
NC_019874.2:28117035,NC_019874.2,28117035,28117035,Near_aDEG,LOC101169638
NC_019874.2:30877290,NC_019874.2,30877290,30877290,Near_aDEG,tmem106b
NC_019874.2:31727516,NC_019874.2,31727516,31727516,Near_aDEG,LOC101164342
NC_019874.2:31727579,NC_019874.2,31727579,31727579,Near_aDEG,LOC101164342
NC_019874.2:31727587,NC_019874.2,31727587,31727587,Near_aDEG,LOC101164342
NC_019874.2:31727602,NC_019874.2,31727602,31727602,Near_aDEG,LOC101164342
NC_019874.2:31844852,NC_019874.2,31844852,31844852,Near_aDEG,LOC105356063
NC_019874.2:31844855,NC_019874.2,31844855,31844855,Near_aDEG,LOC105356063
NC_019874.2:31844868,NC_019874.2,31844868,31844868,Near_aDEG,LOC105356063
NC_019874.2:32752279,NC_019874.2,32752279,32752279,Near_aDEG,pmvk
NC_019874.2:32776356,NC_019874.2,32776356,32776356,Near_aDEG,LOC101168443
NC_019875.2:1230685,NC_019875.2,1230685,1230685,Near_aDEG,LOC101154978
NC_019875.2:1252510,NC_019875.2,1252510,1252510,Near_aDEG,LOC101154978
NC_019875.2:1252513,NC_019875.2,1252513,1252513,Near_aDEG,LOC101154978
NC_019875.2:1253226,NC_019875.2,1253226,1253226,Near_aDEG,LOC101154978
NC_019875.2:1269258,NC_019875.2,1269258,1269258,Near_aDEG,LOC101175681
NC_019875.2:1271623,NC_019875.2,1271623,1271623,Near_aDEG,LOC101175681
NC_019875.2:1274720,NC_019875.2,1274720,1274720,Near_aDEG,LOC101175681
NC_019875.2:2455327,NC_019875.2,2455327,2455327,Near_aDEG,LOC101166987
NC_019875.2:3446020,NC_019875.2,3446020,3446020,Near_aDEG,LOC101166986
NC_019875.2:3446028,NC_019875.2,3446028,3446028,Near_aDEG,LOC101166986
NC_019875.2:4255545,NC_019875.2,4255545,4255545,Near_aDEG,miga1
NC_019875.2:4255561,NC_019875.2,4255561,4255561,Near_aDEG,miga1
NC_019875.2:4255584,NC_019875.2,4255584,4255584,Near_aDEG,miga1
NC_019875.2:4256790,NC_019875.2,4256790,4256790,Near_aDEG,miga1
NC_019875.2:5432928,NC_019875.2,5432928,5432928,Near_aDEG,imp3
NC_019875.2:5432975,NC_019875.2,5432975,5432975,Near_aDEG,imp3
NC_019875.2:5467212,NC_019875.2,5467212,5467212,Near_aDEG,LOC101157565
NC_019875.2:5653854,NC_019875.2,5653854,5653854,Near_aDEG,gk5
NC_019875.2:7226707,NC_019875.2,7226707,7226707,Near_aDEG,pfkp
NC_019875.2:8948668,NC_019875.2,8948668,8948668,Near_aDEG,znf622
NC_019875.2:10094337,NC_019875.2,10094337,10094337,Near_aDEG,tmem71
NC_019875.2:10095458,NC_019875.2,10095458,10095458,Near_aDEG,tmem71
NC_019875.2:10095469,NC_019875.2,10095469,10095469,Near_aDEG,tmem71
NC_019875.2:10095481,NC_019875.2,10095481,10095481,Near_aDEG,tmem71
NC_019875.2:10095484,NC_019875.2,10095484,10095484,Near_aDEG,tmem71
NC_019875.2:12665556,NC_019875.2,12665556,12665556,Near_aDEG,dhx9
NC_019875.2:13087943,NC_019875.2,13087943,13087943,Near_aDEG,LOC101160349
NC_019875.2:13088037,NC_019875.2,13088037,13088037,Near_aDEG,LOC101160349
NC_019875.2:14025064,NC_019875.2,14025064,14025064,Near_aDEG,st3gal3
NC_019875.2:14025112,NC_019875.2,14025112,14025112,Near_aDEG,st3gal3
NC_019875.2:14025120,NC_019875.2,14025120,14025120,Near_aDEG,st3gal3
NC_019875.2:14025136,NC_019875.2,14025136,14025136,Near_aDEG,st3gal3
NC_019875.2:14048884,NC_019875.2,14048884,14048884,Near_aDEG,st3gal3
NC_019875.2:14059494,NC_019875.2,14059494,14059494,Near_aDEG,st3gal3
NC_019875.2:14059503,NC_019875.2,14059503,14059503,Near_aDEG,st3gal3
NC_019875.2:14059514,NC_019875.2,14059514,14059514,Near_aDEG,st3gal3
NC_019875.2:14059526,NC_019875.2,14059526,14059526,Near_aDEG,st3gal3
NC_019875.2:14059534,NC_019875.2,14059534,14059534,Near_aDEG,st3gal3
NC_019875.2:14064777,NC_019875.2,14064777,14064777,Near_aDEG,st3gal3
NC_019875.2:14064820,NC_019875.2,14064820,14064820,Near_aDEG,st3gal3
NC_019875.2:14762181,NC_019875.2,14762181,14762181,Near_aDEG,LOC101168652
NC_019875.2:14764812,NC_019875.2,14764812,14764812,Near_aDEG,LOC101168652
NC_019875.2:14764844,NC_019875.2,14764844,14764844,Near_aDEG,LOC101168652
NC_019875.2:14765606,NC_019875.2,14765606,14765606,Near_aDEG,LOC101168652
NC_019875.2:18436709,NC_019875.2,18436709,18436709,Near_aDEG,LOC101165180
NC_019875.2:18436736,NC_019875.2,18436736,18436736,Near_aDEG,LOC101165180
NC_019875.2:18436741,NC_019875.2,18436741,18436741,Near_aDEG,LOC101165180
NC_019875.2:18436761,NC_019875.2,18436761,18436761,Near_aDEG,LOC101165180
NC_019875.2:20340342,NC_019875.2,20340342,20340342,Near_aDEG,brinp2
NC_019875.2:20353944,NC_019875.2,20353944,20353944,Near_aDEG,brinp2
NC_019875.2:20422604,NC_019875.2,20422604,20422604,Near_aDEG,brinp2
NC_019875.2:20642594,NC_019875.2,20642594,20642594,Near_aDEG,LOC101163609
NC_019875.2:20864787,NC_019875.2,20864787,20864787,Near_aDEG,tox
NC_019875.2:20864792,NC_019875.2,20864792,20864792,Near_aDEG,tox
NC_019875.2:20864834,NC_019875.2,20864834,20864834,Near_aDEG,tox
NC_019875.2:22129757,NC_019875.2,22129757,22129757,Near_aDEG,LOC101169564
NC_019875.2:22137702,NC_019875.2,22137702,22137702,Near_aDEG,LOC101169564
NC_019875.2:22142879,NC_019875.2,22142879,22142879,Near_aDEG,LOC101169564
NC_019875.2:22143270,NC_019875.2,22143270,22143270,Near_aDEG,LOC101169564
NC_019875.2:22143298,NC_019875.2,22143298,22143298,Near_aDEG,LOC101169564
NC_019875.2:22143342,NC_019875.2,22143342,22143342,Near_aDEG,LOC101169564
NC_019875.2:22143369,NC_019875.2,22143369,22143369,Near_aDEG,LOC101169564
NC_019875.2:22143636,NC_019875.2,22143636,22143636,Near_aDEG,LOC101169564
NC_019875.2:22150540,NC_019875.2,22150540,22150540,Near_aDEG,LOC101169564
NC_019875.2:23873181,NC_019875.2,23873181,23873181,Near_aDEG,LOC101173092
NC_019875.2:23890752,NC_019875.2,23890752,23890752,Near_aDEG,LOC101173092
NC_019875.2:23897403,NC_019875.2,23897403,23897403,Near_aDEG,LOC101173092
NC_019875.2:29015698,NC_019875.2,29015698,29015698,Near_aDEG,atp6v0b
NC_019875.2:29742145,NC_019875.2,29742145,29742145,Near_aDEG,LOC101162555
NC_019875.2:30336647,NC_019875.2,30336647,30336647,Near_aDEG,LOC111949064
NC_019875.2:30431170,NC_019875.2,30431170,30431170,Near_aDEG,klf2
NC_019875.2:30432473,NC_019875.2,30432473,30432473,Near_aDEG,klf2
NC_019875.2:30435105,NC_019875.2,30435105,30435105,Near_aDEG,klf2
NC_019876.2:777780,NC_019876.2,777780,777780,Near_aDEG,cfi
NC_019876.2:777790,NC_019876.2,777790,777790,Near_aDEG,cfi
NC_019876.2:777830,NC_019876.2,777830,777830,Near_aDEG,cfi
NC_019876.2:785602,NC_019876.2,785602,785602,Near_aDEG,cfi
NC_019876.2:785646,NC_019876.2,785646,785646,Near_aDEG,cfi
NC_019876.2:785659,NC_019876.2,785659,785659,Near_aDEG,cfi
NC_019876.2:785674,NC_019876.2,785674,785674,Near_aDEG,cfi
NC_019876.2:785687,NC_019876.2,785687,785687,Near_aDEG,cfi
NC_019876.2:2756982,NC_019876.2,2756982,2756982,Near_aDEG,LOC101156152
NC_019876.2:2756989,NC_019876.2,2756989,2756989,Near_aDEG,LOC101156152
NC_019876.2:3016766,NC_019876.2,3016766,3016766,Near_aDEG,LOC101169977
NC_019876.2:9322191,NC_019876.2,9322191,9322191,Near_aDEG,mpdz
NC_019876.2:9358397,NC_019876.2,9358397,9358397,Near_aDEG,mpdz
NC_019876.2:9406088,NC_019876.2,9406088,9406088,Near_aDEG,tyrp1
NC_019876.2:11605286,NC_019876.2,11605286,11605286,Near_aDEG,adamtsl1
NC_019876.2:11605320,NC_019876.2,11605320,11605320,Near_aDEG,adamtsl1
NC_019876.2:11632892,NC_019876.2,11632892,11632892,Near_aDEG,adamtsl1
NC_019876.2:11646212,NC_019876.2,11646212,11646212,Near_aDEG,adamtsl1
NC_019876.2:11646345,NC_019876.2,11646345,11646345,Near_aDEG,adamtsl1
NC_019876.2:12114074,NC_019876.2,12114074,12114074,Near_aDEG,LOC101170305
NC_019876.2:12114078,NC_019876.2,12114078,12114078,Near_aDEG,LOC101170305
NC_019876.2:12804443,NC_019876.2,12804443,12804443,Near_aDEG,LOC101171284
NC_019876.2:12821217,NC_019876.2,12821217,12821217,Near_aDEG,LOC101171284
NC_019876.2:12844604,NC_019876.2,12844604,12844604,Near_aDEG,LOC101171284
NC_019876.2:12844614,NC_019876.2,12844614,12844614,Near_aDEG,LOC101171284
NC_019876.2:14787579,NC_019876.2,14787579,14787579,Near_aDEG,slc16a13
NC_019876.2:14787582,NC_019876.2,14787582,14787582,Near_aDEG,slc16a13
NC_019876.2:17495742,NC_019876.2,17495742,17495742,Near_aDEG,LOC101167742
NC_019876.2:17495752,NC_019876.2,17495752,17495752,Near_aDEG,LOC101167742
NC_019876.2:17495762,NC_019876.2,17495762,17495762,Near_aDEG,LOC101167742
NC_019876.2:17515498,NC_019876.2,17515498,17515498,Near_aDEG,LOC101167742
NC_019876.2:18981717,NC_019876.2,18981717,18981717,Near_aDEG,pfdn2
NC_019876.2:19660083,NC_019876.2,19660083,19660083,Near_aDEG,LOC101157996
NC_019876.2:19666903,NC_019876.2,19666903,19666903,Near_aDEG,LOC101157996
NC_019876.2:27209970,NC_019876.2,27209970,27209970,Near_aDEG,LOC101158728
NC_019876.2:27219410,NC_019876.2,27219410,27219410,Near_aDEG,LOC101158728
NC_019876.2:27228444,NC_019876.2,27228444,27228444,Near_aDEG,LOC101158728
NC_019876.2:27228463,NC_019876.2,27228463,27228463,Near_aDEG,LOC101158728
NC_019876.2:29034059,NC_019876.2,29034059,29034059,Near_aDEG,eml3
NC_019876.2:29056382,NC_019876.2,29056382,29056382,Near_aDEG,eml3
NC_019876.2:29072990,NC_019876.2,29072990,29072990,Near_aDEG,eml3
NC_019876.2:30056831,NC_019876.2,30056831,30056831,Near_aDEG,LOC101170991
NC_019877.2:165774,NC_019877.2,165774,165774,Near_aDEG,LOC101161126
NC_019877.2:165785,NC_019877.2,165785,165785,Near_aDEG,LOC101161126
NC_019877.2:165793,NC_019877.2,165793,165793,Near_aDEG,LOC101161126
NC_019877.2:165796,NC_019877.2,165796,165796,Near_aDEG,LOC101161126
NC_019877.2:165802,NC_019877.2,165802,165802,Near_aDEG,LOC101161126
NC_019877.2:165806,NC_019877.2,165806,165806,Near_aDEG,LOC101161126
NC_019877.2:165820,NC_019877.2,165820,165820,Near_aDEG,LOC101161126
NC_019877.2:165822,NC_019877.2,165822,165822,Near_aDEG,LOC101161126
NC_019877.2:165826,NC_019877.2,165826,165826,Near_aDEG,LOC101161126
NC_019877.2:165831,NC_019877.2,165831,165831,Near_aDEG,LOC101161126
NC_019877.2:165835,NC_019877.2,165835,165835,Near_aDEG,LOC101161126
NC_019877.2:165837,NC_019877.2,165837,165837,Near_aDEG,LOC101161126
NC_019877.2:165859,NC_019877.2,165859,165859,Near_aDEG,LOC101161126
NC_019877.2:165868,NC_019877.2,165868,165868,Near_aDEG,LOC101161126
NC_019877.2:165877,NC_019877.2,165877,165877,Near_aDEG,LOC101161126
NC_019877.2:165890,NC_019877.2,165890,165890,Near_aDEG,LOC101161126
NC_019877.2:165896,NC_019877.2,165896,165896,Near_aDEG,LOC101161126
NC_019877.2:165905,NC_019877.2,165905,165905,Near_aDEG,LOC101161126
NC_019877.2:165907,NC_019877.2,165907,165907,Near_aDEG,LOC101161126
NC_019877.2:165914,NC_019877.2,165914,165914,Near_aDEG,LOC101161126
NC_019877.2:165926,NC_019877.2,165926,165926,Near_aDEG,LOC101161126
NC_019877.2:165935,NC_019877.2,165935,165935,Near_aDEG,LOC101161126
NC_019877.2:165944,NC_019877.2,165944,165944,Near_aDEG,LOC101161126
NC_019877.2:165947,NC_019877.2,165947,165947,Near_aDEG,LOC101161126
NC_019877.2:165949,NC_019877.2,165949,165949,Near_aDEG,LOC101161126
NC_019877.2:165954,NC_019877.2,165954,165954,Near_aDEG,LOC101161126
NC_019877.2:165956,NC_019877.2,165956,165956,Near_aDEG,LOC101161126
NC_019877.2:165958,NC_019877.2,165958,165958,Near_aDEG,LOC101161126
NC_019877.2:165964,NC_019877.2,165964,165964,Near_aDEG,LOC101161126
NC_019877.2:165972,NC_019877.2,165972,165972,Near_aDEG,LOC101161126
NC_019877.2:165979,NC_019877.2,165979,165979,Near_aDEG,LOC101161126
NC_019877.2:165985,NC_019877.2,165985,165985,Near_aDEG,LOC101161126
NC_019877.2:166012,NC_019877.2,166012,166012,Near_aDEG,LOC101161126
NC_019877.2:166022,NC_019877.2,166022,166022,Near_aDEG,LOC101161126
NC_019877.2:166075,NC_019877.2,166075,166075,Near_aDEG,LOC101161126
NC_019877.2:166080,NC_019877.2,166080,166080,Near_aDEG,LOC101161126
NC_019877.2:549876,NC_019877.2,549876,549876,Near_aDEG,ch25h
NC_019877.2:549913,NC_019877.2,549913,549913,Near_aDEG,ch25h
NC_019877.2:549940,NC_019877.2,549940,549940,Near_aDEG,ch25h
NC_019877.2:549948,NC_019877.2,549948,549948,Near_aDEG,ch25h
NC_019877.2:549979,NC_019877.2,549979,549979,Near_aDEG,ch25h
NC_019877.2:1166068,NC_019877.2,1166068,1166068,Near_aDEG,syde1
NC_019877.2:1166117,NC_019877.2,1166117,1166117,Near_aDEG,syde1
NC_019877.2:1497081,NC_019877.2,1497081,1497081,Near_aDEG,hexdc
NC_019877.2:2824619,NC_019877.2,2824619,2824619,Near_aDEG,mkl2
NC_019877.2:2838442,NC_019877.2,2838442,2838442,Near_aDEG,mkl2
NC_019877.2:2838447,NC_019877.2,2838447,2838447,Near_aDEG,mkl2
NC_019877.2:2838453,NC_019877.2,2838453,2838453,Near_aDEG,mkl2
NC_019877.2:2838487,NC_019877.2,2838487,2838487,Near_aDEG,mkl2
NC_019877.2:2838514,NC_019877.2,2838514,2838514,Near_aDEG,mkl2
NC_019877.2:3020927,NC_019877.2,3020927,3020927,Near_aDEG,LOC101170468
NC_019877.2:5132289,NC_019877.2,5132289,5132289,Near_aDEG,vat1
NC_019877.2:5132309,NC_019877.2,5132309,5132309,Near_aDEG,vat1
NC_019877.2:5506173,NC_019877.2,5506173,5506173,Near_aDEG,afap1l2
NC_019877.2:5519920,NC_019877.2,5519920,5519920,Near_aDEG,afap1l2
NC_019877.2:5519959,NC_019877.2,5519959,5519959,Near_aDEG,afap1l2
NC_019877.2:7412694,NC_019877.2,7412694,7412694,Near_aDEG,LOC101174230
NC_019877.2:7468816,NC_019877.2,7468816,7468816,Near_aDEG,tgfb1i1
NC_019877.2:8726799,NC_019877.2,8726799,8726799,Near_aDEG,LOC101160359
NC_019877.2:8746466,NC_019877.2,8746466,8746466,Near_aDEG,LOC101160359
NC_019877.2:10101992,NC_019877.2,10101992,10101992,Near_aDEG,adk
NC_019877.2:10101997,NC_019877.2,10101997,10101997,Near_aDEG,adk
NC_019877.2:10102004,NC_019877.2,10102004,10102004,Near_aDEG,adk
NC_019877.2:10531886,NC_019877.2,10531886,10531886,Near_aDEG,kcnma1
NC_019877.2:10574132,NC_019877.2,10574132,10574132,Near_aDEG,anxa11
NC_019877.2:12476885,NC_019877.2,12476885,12476885,Near_aDEG,LOC101161367
NC_019877.2:13198207,NC_019877.2,13198207,13198207,Near_aDEG,pgs1
NC_019877.2:17397238,NC_019877.2,17397238,17397238,Near_aDEG,LOC101172720
NC_019877.2:17409975,NC_019877.2,17409975,17409975,Near_aDEG,LOC101172720
NC_019877.2:17427563,NC_019877.2,17427563,17427563,Near_aDEG,LOC101172720
NC_019877.2:17740598,NC_019877.2,17740598,17740598,Near_aDEG,g6pc
NC_019877.2:17740629,NC_019877.2,17740629,17740629,Near_aDEG,g6pc
NC_019877.2:17782416,NC_019877.2,17782416,17782416,Near_aDEG,tmem106a
NC_019877.2:20923719,NC_019877.2,20923719,20923719,Near_aDEG,rsph1
NC_019877.2:21700200,NC_019877.2,21700200,21700200,Near_aDEG,LOC101171114
NC_019877.2:21700224,NC_019877.2,21700224,21700224,Near_aDEG,LOC101171114
NC_019877.2:21700235,NC_019877.2,21700235,21700235,Near_aDEG,LOC101171114
NC_019877.2:21700244,NC_019877.2,21700244,21700244,Near_aDEG,LOC101171114
NC_019877.2:21700253,NC_019877.2,21700253,21700253,Near_aDEG,LOC101171114
NC_019877.2:21700266,NC_019877.2,21700266,21700266,Near_aDEG,LOC101171114
NC_019878.2:2810178,NC_019878.2,2810178,2810178,Near_aDEG,LOC101174054
NC_019878.2:2810211,NC_019878.2,2810211,2810211,Near_aDEG,LOC101174054
NC_019878.2:9616953,NC_019878.2,9616953,9616953,Near_aDEG,LOC101155970
NC_019878.2:11691653,NC_019878.2,11691653,11691653,Near_aDEG,vav3
NC_019878.2:11746379,NC_019878.2,11746379,11746379,Near_aDEG,vav3
NC_019878.2:12023830,NC_019878.2,12023830,12023830,Near_aDEG,mmp16
NC_019878.2:12061897,NC_019878.2,12061897,12061897,Near_aDEG,mmp16
NC_019878.2:16108587,NC_019878.2,16108587,16108587,Near_aDEG,stau2
NC_019878.2:17022816,NC_019878.2,17022816,17022816,Near_aDEG,mcmdc2
NC_019878.2:17022967,NC_019878.2,17022967,17022967,Near_aDEG,mcmdc2
NC_019878.2:17023791,NC_019878.2,17023791,17023791,Near_aDEG,mcmdc2
NC_019878.2:19449250,NC_019878.2,19449250,19449250,Near_aDEG,insig1
NC_019878.2:19449279,NC_019878.2,19449279,19449279,Near_aDEG,insig1
NC_019878.2:19449862,NC_019878.2,19449862,19449862,Near_aDEG,insig1
NC_019878.2:20015804,NC_019878.2,20015804,20015804,Near_aDEG,plxdc2
NC_019878.2:20019503,NC_019878.2,20019503,20019503,Near_aDEG,plxdc2
NC_019878.2:20200929,NC_019878.2,20200929,20200929,Near_aDEG,hacd1
NC_019878.2:20219104,NC_019878.2,20219104,20219104,Near_aDEG,colec12
NC_019878.2:20223990,NC_019878.2,20223990,20223990,Near_aDEG,colec12
NC_019878.2:20229726,NC_019878.2,20229726,20229726,Near_aDEG,colec12
NC_019878.2:20599408,NC_019878.2,20599408,20599408,Near_aDEG,mrpl15
NC_019878.2:20856307,NC_019878.2,20856307,20856307,Near_aDEG,myc
NC_019878.2:20856335,NC_019878.2,20856335,20856335,Near_aDEG,myc
NC_019878.2:20856338,NC_019878.2,20856338,20856338,Near_aDEG,myc
NC_019878.2:23069214,NC_019878.2,23069214,23069214,Near_aDEG,apbb1ip
NC_019878.2:23362698,NC_019878.2,23362698,23362698,Near_aDEG,arhgap21
NC_019878.2:25849550,NC_019878.2,25849550,25849550,Near_aDEG,map3k15
NC_019878.2:25865806,NC_019878.2,25865806,25865806,Near_aDEG,map3k15
NC_019878.2:25865844,NC_019878.2,25865844,25865844,Near_aDEG,map3k15
NC_019878.2:25865850,NC_019878.2,25865850,25865850,Near_aDEG,map3k15
NC_019878.2:25865871,NC_019878.2,25865871,25865871,Near_aDEG,map3k15
NC_019878.2:25911592,NC_019878.2,25911592,25911592,Near_aDEG,sh3kbp1
NC_019878.2:25911607,NC_019878.2,25911607,25911607,Near_aDEG,sh3kbp1
NC_019879.2:2709652,NC_019879.2,2709652,2709652,Near_aDEG,LOC101174058
NC_019879.2:2761202,NC_019879.2,2761202,2761202,Near_aDEG,LOC101174306
NC_019879.2:3701961,NC_019879.2,3701961,3701961,Near_aDEG,LOC101171784
NC_019879.2:7245745,NC_019879.2,7245745,7245745,Near_aDEG,asmtl
NC_019879.2:7966421,NC_019879.2,7966421,7966421,Near_aDEG,dach
NC_019879.2:9035670,NC_019879.2,9035670,9035670,Near_aDEG,LOC101166445
NC_019879.2:9035713,NC_019879.2,9035713,9035713,Near_aDEG,LOC101166445
NC_019879.2:9035723,NC_019879.2,9035723,9035723,Near_aDEG,LOC101166445
NC_019879.2:9035756,NC_019879.2,9035756,9035756,Near_aDEG,LOC101166445
NC_019879.2:10522480,NC_019879.2,10522480,10522480,Near_aDEG,st6gal2
NC_019879.2:11608140,NC_019879.2,11608140,11608140,Near_aDEG,LOC101165925
NC_019879.2:11613116,NC_019879.2,11613116,11613116,Near_aDEG,LOC101165925
NC_019879.2:11621480,NC_019879.2,11621480,11621480,Near_aDEG,LOC101165925
NC_019879.2:11621493,NC_019879.2,11621493,11621493,Near_aDEG,LOC101165925
NC_019879.2:11621509,NC_019879.2,11621509,11621509,Near_aDEG,LOC101165925
NC_019879.2:11633854,NC_019879.2,11633854,11633854,Near_aDEG,LOC101165925
NC_019879.2:11655598,NC_019879.2,11655598,11655598,Near_aDEG,LOC101165925
NC_019879.2:13437793,NC_019879.2,13437793,13437793,Near_aDEG,rubcnl
NC_019879.2:13437815,NC_019879.2,13437815,13437815,Near_aDEG,rubcnl
NC_019879.2:13437821,NC_019879.2,13437821,13437821,Near_aDEG,rubcnl
NC_019879.2:13437849,NC_019879.2,13437849,13437849,Near_aDEG,rubcnl
NC_019879.2:13437856,NC_019879.2,13437856,13437856,Near_aDEG,rubcnl
NC_019879.2:13437863,NC_019879.2,13437863,13437863,Near_aDEG,rubcnl
NC_019879.2:13437871,NC_019879.2,13437871,13437871,Near_aDEG,rubcnl
NC_019879.2:13437883,NC_019879.2,13437883,13437883,Near_aDEG,rubcnl
NC_019879.2:13437898,NC_019879.2,13437898,13437898,Near_aDEG,rubcnl
NC_019879.2:13464137,NC_019879.2,13464137,13464137,Near_aDEG,lrch1
NC_019879.2:14024890,NC_019879.2,14024890,14024890,Near_aDEG,itgav
NC_019879.2:14024892,NC_019879.2,14024892,14024892,Near_aDEG,itgav
NC_019879.2:15528760,NC_019879.2,15528760,15528760,Near_aDEG,gulp1
NC_019879.2:19645409,NC_019879.2,19645409,19645409,Near_aDEG,prmt2
NC_019879.2:20079021,NC_019879.2,20079021,20079021,Near_aDEG,c21h3orf70
NC_019879.2:20180920,NC_019879.2,20180920,20180920,Near_aDEG,LOC101172290
NC_019879.2:20180922,NC_019879.2,20180922,20180922,Near_aDEG,LOC101172290
NC_019879.2:20180926,NC_019879.2,20180926,20180926,Near_aDEG,LOC101172290
NC_019879.2:20215395,NC_019879.2,20215395,20215395,Near_aDEG,LOC101172290
NC_019879.2:20810946,NC_019879.2,20810946,20810946,Near_aDEG,tanc1
NC_019879.2:20876382,NC_019879.2,20876382,20876382,Near_aDEG,tanc1
NC_019879.2:20876385,NC_019879.2,20876385,20876385,Near_aDEG,tanc1
NC_019879.2:20876428,NC_019879.2,20876428,20876428,Near_aDEG,tanc1
NC_019879.2:20879634,NC_019879.2,20879634,20879634,Near_aDEG,tanc1
NC_019879.2:22135543,NC_019879.2,22135543,22135543,Near_aDEG,LOC101160608
NC_019879.2:23025957,NC_019879.2,23025957,23025957,Near_aDEG,dock9
NC_019879.2:27116859,NC_019879.2,27116859,27116859,Near_aDEG,LOC101167579
NC_019879.2:27118751,NC_019879.2,27118751,27118751,Near_aDEG,LOC101167579
NC_019879.2:27179003,NC_019879.2,27179003,27179003,Near_aDEG,LOC101167579
NC_019879.2:28057761,NC_019879.2,28057761,28057761,Near_aDEG,LOC101170311
NC_019879.2:28057890,NC_019879.2,28057890,28057890,Near_aDEG,LOC101170311
NC_019879.2:28529715,NC_019879.2,28529715,28529715,Near_aDEG,LOC101173988
NC_019880.2:420661,NC_019880.2,420661,420661,Near_aDEG,LOC101168178
NC_019880.2:575586,NC_019880.2,575586,575586,Near_aDEG,LOC101171228
NC_019880.2:575610,NC_019880.2,575610,575610,Near_aDEG,LOC101171228
NC_019880.2:970981,NC_019880.2,970981,970981,Near_aDEG,hadha
NC_019880.2:1408645,NC_019880.2,1408645,1408645,Near_aDEG,cnih1
NC_019880.2:5710466,NC_019880.2,5710466,5710466,Near_aDEG,ppp2r3a
NC_019880.2:7018637,NC_019880.2,7018637,7018637,Near_aDEG,spred1
NC_019880.2:7021642,NC_019880.2,7021642,7021642,Near_aDEG,spred1
NC_019880.2:7942881,NC_019880.2,7942881,7942881,Near_aDEG,LOC101155811
NC_019880.2:9506151,NC_019880.2,9506151,9506151,Near_aDEG,ncmap
NC_019880.2:9506172,NC_019880.2,9506172,9506172,Near_aDEG,ncmap
NC_019880.2:9506267,NC_019880.2,9506267,9506267,Near_aDEG,ncmap
NC_019880.2:9506311,NC_019880.2,9506311,9506311,Near_aDEG,ncmap
NC_019880.2:9506359,NC_019880.2,9506359,9506359,Near_aDEG,ncmap
NC_019880.2:9508692,NC_019880.2,9508692,9508692,Near_aDEG,ncmap
NC_019880.2:9508707,NC_019880.2,9508707,9508707,Near_aDEG,ncmap
NC_019880.2:9508734,NC_019880.2,9508734,9508734,Near_aDEG,ncmap
NC_019880.2:11861044,NC_019880.2,11861044,11861044,Near_aDEG,eml1
NC_019880.2:13505583,NC_019880.2,13505583,13505583,Near_aDEG,dlst
NC_019880.2:13505617,NC_019880.2,13505617,13505617,Near_aDEG,dlst
NC_019880.2:13581667,NC_019880.2,13581667,13581667,Near_aDEG,ltbp2
NC_019880.2:13603750,NC_019880.2,13603750,13603750,Near_aDEG,ltbp2
NC_019880.2:13612566,NC_019880.2,13612566,13612566,Near_aDEG,ltbp2
NC_019880.2:13841338,NC_019880.2,13841338,13841338,Near_aDEG,LOC101169577
NC_019880.2:13844951,NC_019880.2,13844951,13844951,Near_aDEG,LOC101169577
NC_019880.2:13844989,NC_019880.2,13844989,13844989,Near_aDEG,LOC101169577
NC_019880.2:13844994,NC_019880.2,13844994,13844994,Near_aDEG,LOC101169577
NC_019880.2:13845004,NC_019880.2,13845004,13845004,Near_aDEG,LOC101169577
NC_019880.2:13845006,NC_019880.2,13845006,13845006,Near_aDEG,LOC101169577
NC_019880.2:13845019,NC_019880.2,13845019,13845019,Near_aDEG,LOC101169577
NC_019880.2:13845024,NC_019880.2,13845024,13845024,Near_aDEG,LOC101169577
NC_019880.2:13845026,NC_019880.2,13845026,13845026,Near_aDEG,LOC101169577
NC_019880.2:13845037,NC_019880.2,13845037,13845037,Near_aDEG,LOC101169577
NC_019880.2:14503829,NC_019880.2,14503829,14503829,Near_aDEG,bmf
NC_019880.2:14630768,NC_019880.2,14630768,14630768,Near_aDEG,inf2
NC_019880.2:14630785,NC_019880.2,14630785,14630785,Near_aDEG,inf2
NC_019880.2:14641306,NC_019880.2,14641306,14641306,Near_aDEG,inf2
NC_019880.2:15095203,NC_019880.2,15095203,15095203,Near_aDEG,LOC101155312
NC_019880.2:15095209,NC_019880.2,15095209,15095209,Near_aDEG,LOC101155312
NC_019880.2:17624344,NC_019880.2,17624344,17624344,Near_aDEG,LOC101164267
NC_019880.2:17624359,NC_019880.2,17624359,17624359,Near_aDEG,LOC101164267
NC_019880.2:17626008,NC_019880.2,17626008,17626008,Near_aDEG,LOC101164267
NC_019880.2:17630003,NC_019880.2,17630003,17630003,Near_aDEG,LOC101164267
NC_019880.2:17630089,NC_019880.2,17630089,17630089,Near_aDEG,LOC101164267
NC_019880.2:19809845,NC_019880.2,19809845,19809845,Near_aDEG,nfkbia
NC_019880.2:19809865,NC_019880.2,19809865,19809865,Near_aDEG,nfkbia
NC_019880.2:19809884,NC_019880.2,19809884,19809884,Near_aDEG,nfkbia
NC_019880.2:19809899,NC_019880.2,19809899,19809899,Near_aDEG,nfkbia
NC_019880.2:20463417,NC_019880.2,20463417,20463417,Near_aDEG,LOC101162331
NC_019880.2:20491719,NC_019880.2,20491719,20491719,Near_aDEG,LOC101162331
NC_019880.2:20503795,NC_019880.2,20503795,20503795,Near_aDEG,LOC101162331
NC_019880.2:20503799,NC_019880.2,20503799,20503799,Near_aDEG,LOC101162331
NC_019880.2:20890239,NC_019880.2,20890239,20890239,Near_aDEG,LOC101162800
NC_019880.2:21443586,NC_019880.2,21443586,21443586,Near_aDEG,exoc3l4
NC_019880.2:21614167,NC_019880.2,21614167,21614167,Near_aDEG,LOC101164766
NC_019880.2:21614192,NC_019880.2,21614192,21614192,Near_aDEG,LOC101164766
NC_019880.2:21614967,NC_019880.2,21614967,21614967,Near_aDEG,LOC101164766
NC_019880.2:21614975,NC_019880.2,21614975,21614975,Near_aDEG,LOC101164766
NC_019880.2:21623462,NC_019880.2,21623462,21623462,Near_aDEG,LOC101164766
NC_019880.2:21623465,NC_019880.2,21623465,21623465,Near_aDEG,LOC101164766
NC_019880.2:21624526,NC_019880.2,21624526,21624526,Near_aDEG,LOC101164766
NC_019880.2:21624528,NC_019880.2,21624528,21624528,Near_aDEG,LOC101164766
NC_019880.2:22382707,NC_019880.2,22382707,22382707,Near_aDEG,atrn
NC_019880.2:22425344,NC_019880.2,22425344,22425344,Near_aDEG,atrn
NC_019880.2:22426774,NC_019880.2,22426774,22426774,Near_aDEG,atrn
NC_019880.2:22426813,NC_019880.2,22426813,22426813,Near_aDEG,atrn
NC_019880.2:22443050,NC_019880.2,22443050,22443050,Near_aDEG,atrn
NC_019880.2:22463947,NC_019880.2,22463947,22463947,Near_aDEG,atrn
NC_019880.2:22504420,NC_019880.2,22504420,22504420,Near_aDEG,atrn
NC_019880.2:25160161,NC_019880.2,25160161,25160161,Near_aDEG,LOC101165188
NC_019880.2:25160171,NC_019880.2,25160171,25160171,Near_aDEG,LOC101165188
NC_019880.2:25164718,NC_019880.2,25164718,25164718,Near_aDEG,LOC101165188
NC_019880.2:25178473,NC_019880.2,25178473,25178473,Near_aDEG,LOC101165188
NC_019880.2:25240386,NC_019880.2,25240386,25240386,Near_aDEG,LOC101158651
NC_019880.2:28276481,NC_019880.2,28276481,28276481,Near_aDEG,LOC101172697
NC_019880.2:28292162,NC_019880.2,28292162,28292162,Near_aDEG,LOC101172697
NC_019880.2:28821668,NC_019880.2,28821668,28821668,Near_aDEG,LOC101165530
NC_019880.2:28821678,NC_019880.2,28821678,28821678,Near_aDEG,LOC101165530
NC_019880.2:28821824,NC_019880.2,28821824,28821824,Near_aDEG,LOC101165530
NC_019880.2:28821842,NC_019880.2,28821842,28821842,Near_aDEG,LOC101165530
NC_019881.2:1780387,NC_019881.2,1780387,1780387,Near_aDEG,LOC101175696
NC_019881.2:2596717,NC_019881.2,2596717,2596717,Near_aDEG,plxnc1
NC_019881.2:2640203,NC_019881.2,2640203,2640203,Near_aDEG,LOC101161849
NC_019881.2:2640209,NC_019881.2,2640209,2640209,Near_aDEG,LOC101161849
NC_019881.2:2640214,NC_019881.2,2640214,2640214,Near_aDEG,LOC101161849
NC_019881.2:2640221,NC_019881.2,2640221,2640221,Near_aDEG,LOC101161849
NC_019881.2:2640229,NC_019881.2,2640229,2640229,Near_aDEG,LOC101161849
NC_019881.2:3758579,NC_019881.2,3758579,3758579,Near_aDEG,slc13a4
NC_019881.2:4100370,NC_019881.2,4100370,4100370,Near_aDEG,slc38a4
NC_019881.2:4111880,NC_019881.2,4111880,4111880,Near_aDEG,slc38a4
NC_019881.2:4111894,NC_019881.2,4111894,4111894,Near_aDEG,slc38a4
NC_019881.2:4666843,NC_019881.2,4666843,4666843,Near_aDEG,LOC101156543
NC_019881.2:5082863,NC_019881.2,5082863,5082863,Near_aDEG,mdfic
NC_019881.2:11686209,NC_019881.2,11686209,11686209,Near_aDEG,LOC101163128
NC_019881.2:12629385,NC_019881.2,12629385,12629385,Near_aDEG,fgl2
NC_019881.2:12702485,NC_019881.2,12702485,12702485,Near_aDEG,gsap
NC_019881.2:12702490,NC_019881.2,12702490,12702490,Near_aDEG,gsap
NC_019881.2:13717523,NC_019881.2,13717523,13717523,Near_aDEG,LOC101160776
NC_019881.2:13717536,NC_019881.2,13717536,13717536,Near_aDEG,LOC101160776
NC_019881.2:13717539,NC_019881.2,13717539,13717539,Near_aDEG,LOC101160776
NC_019881.2:13719596,NC_019881.2,13719596,13719596,Near_aDEG,LOC101160776
NC_019881.2:13989013,NC_019881.2,13989013,13989013,Near_aDEG,wnt5b
NC_019881.2:13989038,NC_019881.2,13989038,13989038,Near_aDEG,wnt5b
NC_019881.2:13995157,NC_019881.2,13995157,13995157,Near_aDEG,wnt5b
NC_019881.2:13995171,NC_019881.2,13995171,13995171,Near_aDEG,wnt5b
NC_019881.2:13995196,NC_019881.2,13995196,13995196,Near_aDEG,wnt5b
NC_019881.2:15330092,NC_019881.2,15330092,15330092,Near_aDEG,exoc4
NC_019881.2:16227555,NC_019881.2,16227555,16227555,Near_aDEG,LOC101156213
NC_019881.2:16905128,NC_019881.2,16905128,16905128,Near_aDEG,btg1
NC_019881.2:16908740,NC_019881.2,16908740,16908740,Near_aDEG,btg1
NC_019881.2:16908766,NC_019881.2,16908766,16908766,Near_aDEG,btg1
NC_019881.2:17477917,NC_019881.2,17477917,17477917,Near_aDEG,pacsin2
NC_019881.2:17558295,NC_019881.2,17558295,17558295,Near_aDEG,chpt1
NC_019881.2:17766637,NC_019881.2,17766637,17766637,Near_aDEG,LOC101155648
NC_019881.2:17942742,NC_019881.2,17942742,17942742,Near_aDEG,LOC101162802
NC_019881.2:17980836,NC_019881.2,17980836,17980836,Near_aDEG,LOC101162802
NC_019881.2:21456758,NC_019881.2,21456758,21456758,Near_aDEG,celf2
NC_019881.2:21482295,NC_019881.2,21482295,21482295,Near_aDEG,celf2
NC_019881.2:21493773,NC_019881.2,21493773,21493773,Near_aDEG,celf2
NC_019881.2:21509242,NC_019881.2,21509242,21509242,Near_aDEG,celf2
NC_019881.2:21529777,NC_019881.2,21529777,21529777,Near_aDEG,celf2
NC_019881.2:21551149,NC_019881.2,21551149,21551149,Near_aDEG,celf2
NC_019881.2:21551189,NC_019881.2,21551189,21551189,Near_aDEG,celf2
NC_019881.2:21551197,NC_019881.2,21551197,21551197,Near_aDEG,celf2
NC_019881.2:21551224,NC_019881.2,21551224,21551224,Near_aDEG,celf2
NC_019881.2:21551303,NC_019881.2,21551303,21551303,Near_aDEG,celf2
NC_019881.2:21551326,NC_019881.2,21551326,21551326,Near_aDEG,celf2
NC_019881.2:21552235,NC_019881.2,21552235,21552235,Near_aDEG,celf2
NC_019881.2:22621954,NC_019881.2,22621954,22621954,Near_aDEG,trhde
NC_019881.2:23239857,NC_019881.2,23239857,23239857,Near_aDEG,tymp
NC_019881.2:23566120,NC_019881.2,23566120,23566120,Near_aDEG,ptpro
NC_019881.2:24112890,NC_019881.2,24112890,24112890,Near_aDEG,tspan12
NC_019882.2:3627701,NC_019882.2,3627701,3627701,Near_aDEG,LOC101165021
NC_019882.2:3635538,NC_019882.2,3635538,3635538,Near_aDEG,LOC101165021
NC_019882.2:3800963,NC_019882.2,3800963,3800963,Near_aDEG,LOC101156134
NC_019882.2:3805906,NC_019882.2,3805906,3805906,Near_aDEG,LOC101156134
NC_019882.2:3819090,NC_019882.2,3819090,3819090,Near_aDEG,LOC101156134
NC_019882.2:3902532,NC_019882.2,3902532,3902532,Near_aDEG,LOC101156134
NC_019882.2:3992022,NC_019882.2,3992022,3992022,Near_aDEG,LOC101156134
NC_019882.2:4035920,NC_019882.2,4035920,4035920,Near_aDEG,LOC101156134
NC_019882.2:6369688,NC_019882.2,6369688,6369688,Near_aDEG,rhag
NC_019882.2:6426198,NC_019882.2,6426198,6426198,Near_aDEG,LOC101169329
NC_019882.2:6430769,NC_019882.2,6430769,6430769,Near_aDEG,LOC101169329
NC_019882.2:6606979,NC_019882.2,6606979,6606979,Near_aDEG,LOC101171795
NC_019882.2:6606986,NC_019882.2,6606986,6606986,Near_aDEG,LOC101171795
NC_019882.2:8060267,NC_019882.2,8060267,8060267,Near_aDEG,wasf1
NC_019882.2:8071498,NC_019882.2,8071498,8071498,Near_aDEG,wasf1
NC_019882.2:8580363,NC_019882.2,8580363,8580363,Near_aDEG,rab32
NC_019882.2:8580378,NC_019882.2,8580378,8580378,Near_aDEG,rab32
NC_019882.2:8919192,NC_019882.2,8919192,8919192,Near_aDEG,akap12
NC_019882.2:8919235,NC_019882.2,8919235,8919235,Near_aDEG,akap12
NC_019882.2:8981355,NC_019882.2,8981355,8981355,Near_aDEG,LOC101167089
NC_019882.2:8986487,NC_019882.2,8986487,8986487,Near_aDEG,LOC101167089
NC_019882.2:8986499,NC_019882.2,8986499,8986499,Near_aDEG,LOC101167089
NC_019882.2:8986517,NC_019882.2,8986517,8986517,Near_aDEG,LOC101167089
NC_019882.2:10440577,NC_019882.2,10440577,10440577,Near_aDEG,zc3h12d
NC_019882.2:10441048,NC_019882.2,10441048,10441048,Near_aDEG,zc3h12d
NC_019882.2:11210746,NC_019882.2,11210746,11210746,Near_aDEG,cd2ap
NC_019882.2:11602694,NC_019882.2,11602694,11602694,Near_aDEG,LOC101157991
NC_019882.2:11865844,NC_019882.2,11865844,11865844,Near_aDEG,LOC105357177
NC_019882.2:11967488,NC_019882.2,11967488,11967488,Near_aDEG,LOC105357177
NC_019882.2:11967499,NC_019882.2,11967499,11967499,Near_aDEG,LOC105357177
NC_019882.2:11967502,NC_019882.2,11967502,11967502,Near_aDEG,LOC105357177
NC_019882.2:12120431,NC_019882.2,12120431,12120431,Near_aDEG,LOC105357177
NC_019882.2:12120451,NC_019882.2,12120451,12120451,Near_aDEG,LOC105357177
NC_019882.2:13927265,NC_019882.2,13927265,13927265,Near_aDEG,sox7
NC_019882.2:13927388,NC_019882.2,13927388,13927388,Near_aDEG,sox7
NC_019882.2:13927658,NC_019882.2,13927658,13927658,Near_aDEG,sox7
NC_019882.2:13946221,NC_019882.2,13946221,13946221,Near_aDEG,pinx1
NC_019882.2:13949506,NC_019882.2,13949506,13949506,Near_aDEG,pinx1
NC_019882.2:14807634,NC_019882.2,14807634,14807634,Near_aDEG,LOC101165932
NC_019882.2:14930347,NC_019882.2,14930347,14930347,Near_aDEG,naga
NC_019882.2:16794720,NC_019882.2,16794720,16794720,Near_aDEG,snx9
NC_019882.2:16794725,NC_019882.2,16794725,16794725,Near_aDEG,snx9
NC_019882.2:16794739,NC_019882.2,16794739,16794739,Near_aDEG,snx9
NC_019882.2:18759829,NC_019882.2,18759829,18759829,Near_aDEG,map3k5
NC_019882.2:18759861,NC_019882.2,18759861,18759861,Near_aDEG,map3k5
NC_019882.2:19520711,NC_019882.2,19520711,19520711,Near_aDEG,LOC101161210
NC_019882.2:19529489,NC_019882.2,19529489,19529489,Near_aDEG,LOC101161210
NC_019882.2:19816616,NC_019882.2,19816616,19816616,Near_aDEG,LOC100302438
NC_019882.2:19822341,NC_019882.2,19822341,19822341,Near_aDEG,LOC100302438
NC_019882.2:20377326,NC_019882.2,20377326,20377326,Near_aDEG,lyrm2
NC_019882.2:20377335,NC_019882.2,20377335,20377335,Near_aDEG,lyrm2
NC_019882.2:20576992,NC_019882.2,20576992,20576992,Near_aDEG,map3k7
NC_019882.2:23446412,NC_019882.2,23446412,23446412,Near_aDEG,pex3
NC_019882.2:23446444,NC_019882.2,23446444,23446444,Near_aDEG,pex3
