motif_DB	motif_ID	motif_ALT_ID	seq_ID	seq_Score	seq_Class	is_holdout?
/mnt/c/Users/ethanshealy/Downloads/MA1528.1.meme	MA1528.1	NFIX	NC_019881.2:23767433-23767933	20.11	fp	0
/mnt/c/Users/ethanshealy/Downloads/MA1528.1.meme	MA1528.1	NFIX	NC_019881.2:23767686-23768186	20.11	fp	0
/mnt/c/Users/ethanshealy/Downloads/MA1528.1.meme	MA1528.1	NFIX	NC_019863.2:130462-130962	19.58	fp	0
/mnt/c/Users/ethanshealy/Downloads/MA1528.1.meme	MA1528.1	NFIX	NC_019868.2:12948565-12949065	18.86	tp	0
/mnt/c/Users/ethanshealy/Downloads/MA1528.1.meme	MA1528.1	NFIX	NC_019868.2:12948589-12949089	18.86	tp	0
/mnt/c/Users/ethanshealy/Downloads/MA1528.1.meme	MA1528.1	NFIX	NC_019868.2:12948613-12949113	18.86	tp	0
/mnt/c/Users/ethanshealy/Downloads/MA1528.1.meme	MA1528.1	NFIX	NC_019868.2:12948555-12949055	18.86	tp	0
/mnt/c/Users/ethanshealy/Downloads/MA1528.1.meme	MA1528.1	NFIX	NC_019868.2:12948600-12949100	18.86	tp	0
/mnt/c/Users/ethanshealy/Downloads/MA1528.1.meme	MA1528.1	NFIX	NC_019867.2:31675855-31676355	18.54	tp	1
/mnt/c/Users/ethanshealy/Downloads/MA1528.1.meme	MA1528.1	NFIX	NC_019873.2:5593982-5594482	18.32	fp	0
/mnt/c/Users/ethanshealy/Downloads/MA1528.1.meme	MA1528.1	NFIX	NC_019861.2:13196314-13196814	18.10	tp	0
/mnt/c/Users/ethanshealy/Downloads/MA1528.1.meme	MA1528.1	NFIX	NC_019881.2:11783344-11783844	17.72	tp	0
/mnt/c/Users/ethanshealy/Downloads/MA1528.1.meme	MA1528.1	NFIX	NC_019872.2:21581744-21582244	17.64	tp	0
/mnt/c/Users/ethanshealy/Downloads/MA1528.1.meme	MA1528.1	NFIX	NC_019867.2:30172425-30172925	17.61	fp	0
/mnt/c/Users/ethanshealy/Downloads/MA1528.1.meme	MA1528.1	NFIX	NC_019875.2:31225197-31225697	17.55	fp	0
/mnt/c/Users/ethanshealy/Downloads/MA1528.1.meme	MA1528.1	NFIX	NC_019875.2:31225164-31225664	17.55	fp	0
/mnt/c/Users/ethanshealy/Downloads/MA1528.1.meme	MA1528.1	NFIX	NC_019880.2:6611852-6612352	17.53	tp	0
/mnt/c/Users/ethanshealy/Downloads/MA1528.1.meme	MA1528.1	NFIX	NC_019874.2:26432205-26432705	17.50	fp	0
/mnt/c/Users/ethanshealy/Downloads/MA1528.1.meme	MA1528.1	NFIX	NC_019871.2:14054443-14054943	17.38	tp	0
/mnt/c/Users/ethanshealy/Downloads/MA1528.1.meme	MA1528.1	NFIX	NC_019871.2:14054438-14054938	17.38	tp	0
/mnt/c/Users/ethanshealy/Downloads/MA1528.1.meme	MA1528.1	NFIX	NC_019859.2:6250940-6251440	17.30	tp	0
/mnt/c/Users/ethanshealy/Downloads/MA1528.1.meme	MA1528.1	NFIX	NC_019870.2:27666112-27666612	17.15	tp	0
/mnt/c/Users/ethanshealy/Downloads/MA1528.1.meme	MA1528.1	NFIX	NC_019874.2:18277083-18277583	17.13	tp	0
/mnt/c/Users/ethanshealy/Downloads/MA1528.1.meme	MA1528.1	NFIX	NC_019874.2:18277062-18277562	17.13	tp	1
/mnt/c/Users/ethanshealy/Downloads/MA1528.1.meme	MA1528.1	NFIX	NC_019865.2:832301-832801	17.09	tp	0
/mnt/c/Users/ethanshealy/Downloads/MA1528.1.meme	MA1528.1	NFIX	NC_019865.2:832318-832818	17.09	tp	0
/mnt/c/Users/ethanshealy/Downloads/MA1528.1.meme	MA1528.1	NFIX	NC_019862.2:24284535-24285035	17.08	tp	0
/mnt/c/Users/ethanshealy/Downloads/MA1528.1.meme	MA1528.1	NFIX	NC_019859.2:17596005-17596505	17.05	fp	0
/mnt/c/Users/ethanshealy/Downloads/MA1528.1.meme	MA1528.1	NFIX	NC_019874.2:18628934-18629434	16.97	tp	0
/mnt/c/Users/ethanshealy/Downloads/MA1528.1.meme	MA1528.1	NFIX	NC_019863.2:29477751-29478251	16.97	tp	1
/mnt/c/Users/ethanshealy/Downloads/MA1528.1.meme	MA1528.1	NFIX	NC_019872.2:24298890-24299390	16.96	fp	0
/mnt/c/Users/ethanshealy/Downloads/MA1528.1.meme	MA1528.1	NFIX	NC_019880.2:12794242-12794742	16.96	tp	0
/mnt/c/Users/ethanshealy/Downloads/MA1528.1.meme	MA1528.1	NFIX	NC_019880.2:12794217-12794717	16.96	tp	1
/mnt/c/Users/ethanshealy/Downloads/MA1528.1.meme	MA1528.1	NFIX	NC_019862.2:17295848-17296348	16.95	tp	0
/mnt/c/Users/ethanshealy/Downloads/MA1528.1.meme	MA1528.1	NFIX	NC_019862.2:17295795-17296295	16.95	tp	0
/mnt/c/Users/ethanshealy/Downloads/MA1528.1.meme	MA1528.1	NFIX	NC_019862.2:17295815-17296315	16.95	tp	0
/mnt/c/Users/ethanshealy/Downloads/MA1528.1.meme	MA1528.1	NFIX	NC_019862.2:17295801-17296301	16.95	tp	0
/mnt/c/Users/ethanshealy/Downloads/MA1528.1.meme	MA1528.1	NFIX	NC_019868.2:22090020-22090520	16.95	tp	1
/mnt/c/Users/ethanshealy/Downloads/MA1528.1.meme	MA1528.1	NFIX	NC_019869.2:1237100-1237600	16.88	fp	0
/mnt/c/Users/ethanshealy/Downloads/MA1528.1.meme	MA1528.1	NFIX	NC_019874.2:29147353-29147853	16.88	tp	0
/mnt/c/Users/ethanshealy/Downloads/MA1528.1.meme	MA1528.1	NFIX	NC_019868.2:1709277-1709777	16.80	fp	0
/mnt/c/Users/ethanshealy/Downloads/MA1528.1.meme	MA1528.1	NFIX	NC_019868.2:1378386-1378886	16.75	tp	0
/mnt/c/Users/ethanshealy/Downloads/MA1528.1.meme	MA1528.1	NFIX	NC_019864.2:16669420-16669920	16.74	tp	0
/mnt/c/Users/ethanshealy/Downloads/MA1528.1.meme	MA1528.1	NFIX	NC_019877.2:9254458-9254958	16.74	tp	0
/mnt/c/Users/ethanshealy/Downloads/MA1528.1.meme	MA1528.1	NFIX	NC_019877.2:9254432-9254932	16.74	tp	1
/mnt/c/Users/ethanshealy/Downloads/MA1528.1.meme	MA1528.1	NFIX	NC_019873.2:18999518-19000018	16.72	tp	0
/mnt/c/Users/ethanshealy/Downloads/MA1528.1.meme	MA1528.1	NFIX	NC_019862.2:7021284-7021784	16.68	fp	0
/mnt/c/Users/ethanshealy/Downloads/MA1528.1.meme	MA1528.1	NFIX	NC_019860.2:9402174-9402674	16.68	fp	0
/mnt/c/Users/ethanshealy/Downloads/MA1528.1.meme	MA1528.1	NFIX	NC_019862.2:7772716-7773216	16.64	fp	0
/mnt/c/Users/ethanshealy/Downloads/MA1528.1.meme	MA1528.1	NFIX	NC_019881.2:8361786-8362286	16.60	tp	0
/mnt/c/Users/ethanshealy/Downloads/MA1528.1.meme	MA1528.1	NFIX	NC_019871.2:26968903-26969403	16.58	tp	0
/mnt/c/Users/ethanshealy/Downloads/MA1528.1.meme	MA1528.1	NFIX	NC_019867.2:32609402-32609902	16.34	tp	0
/mnt/c/Users/ethanshealy/Downloads/MA1528.1.meme	MA1528.1	NFIX	NC_019867.2:32609312-32609812	16.34	fp	0
/mnt/c/Users/ethanshealy/Downloads/MA1528.1.meme	MA1528.1	NFIX	NC_019867.2:9219951-9220451	16.26	tp	0
/mnt/c/Users/ethanshealy/Downloads/MA1528.1.meme	MA1528.1	NFIX	NC_019867.2:9219946-9220446	16.26	tp	0
/mnt/c/Users/ethanshealy/Downloads/MA1528.1.meme	MA1528.1	NFIX	NC_019869.2:22834600-22835100	16.19	tp	0
/mnt/c/Users/ethanshealy/Downloads/MA1528.1.meme	MA1528.1	NFIX	NC_019866.2:6467341-6467841	16.17	fp	1
/mnt/c/Users/ethanshealy/Downloads/MA1528.1.meme	MA1528.1	NFIX	NC_019876.2:10592189-10592689	16.16	tp	0
/mnt/c/Users/ethanshealy/Downloads/MA1528.1.meme	MA1528.1	NFIX	NC_019869.2:23737592-23738092	16.15	fp	0
/mnt/c/Users/ethanshealy/Downloads/MA1528.1.meme	MA1528.1	NFIX	NC_019873.2:28129852-28130352	16.11	tp	0
/mnt/c/Users/ethanshealy/Downloads/MA1528.1.meme	MA1528.1	NFIX	NC_019873.2:28129849-28130349	16.11	tp	0
/mnt/c/Users/ethanshealy/Downloads/MA1528.1.meme	MA1528.1	NFIX	NC_019873.2:28129858-28130358	16.11	tp	1
/mnt/c/Users/ethanshealy/Downloads/MA1528.1.meme	MA1528.1	NFIX	NC_019874.2:5956054-5956554	16.10	tp	0
/mnt/c/Users/ethanshealy/Downloads/MA1528.1.meme	MA1528.1	NFIX	NC_019859.2:24023817-24024317	16.07	tp	0
/mnt/c/Users/ethanshealy/Downloads/MA1528.1.meme	MA1528.1	NFIX	NC_019871.2:27357369-27357869	16.06	tp	0
/mnt/c/Users/ethanshealy/Downloads/MA1528.1.meme	MA1528.1	NFIX	NC_019871.2:27357372-27357872	16.06	tp	0
/mnt/c/Users/ethanshealy/Downloads/MA1528.1.meme	MA1528.1	NFIX	NC_019872.2:2619403-2619903	16.05	fp	0
/mnt/c/Users/ethanshealy/Downloads/MA1528.1.meme	MA1528.1	NFIX	NC_019872.2:2619403-2619903	16.05	tp	1
/mnt/c/Users/ethanshealy/Downloads/MA1528.1.meme	MA1528.1	NFIX	NC_019881.2:683680-684180	16.02	fp	0
/mnt/c/Users/ethanshealy/Downloads/MA1528.1.meme	MA1528.1	NFIX	NC_019867.2:24404989-24405489	16.01	fp	0
/mnt/c/Users/ethanshealy/Downloads/MA1528.1.meme	MA1528.1	NFIX	NC_019867.2:24405088-24405588	16.01	fp	0
/mnt/c/Users/ethanshealy/Downloads/MA1528.1.meme	MA1528.1	NFIX	NC_019876.2:17721749-17722249	16.01	fp	0
/mnt/c/Users/ethanshealy/Downloads/MA1528.1.meme	MA1528.1	NFIX	NC_019882.2:3335971-3336471	15.97	tp	0
/mnt/c/Users/ethanshealy/Downloads/MA1528.1.meme	MA1528.1	NFIX	NC_019859.2:24703110-24703610	15.95	tp	0
/mnt/c/Users/ethanshealy/Downloads/MA1528.1.meme	MA1528.1	NFIX	NC_019869.2:11039807-11040307	15.92	tp	0
/mnt/c/Users/ethanshealy/Downloads/MA1528.1.meme	MA1528.1	NFIX	NC_019867.2:1088656-1089156	15.89	tp	0
/mnt/c/Users/ethanshealy/Downloads/MA1528.1.meme	MA1528.1	NFIX	NC_019868.2:24594882-24595382	15.86	fp	0
/mnt/c/Users/ethanshealy/Downloads/MA1528.1.meme	MA1528.1	NFIX	NC_019862.2:1418476-1418976	15.85	tp	0
/mnt/c/Users/ethanshealy/Downloads/MA1528.1.meme	MA1528.1	NFIX	NC_019865.2:10025321-10025821	15.83	tp	0
/mnt/c/Users/ethanshealy/Downloads/MA1528.1.meme	MA1528.1	NFIX	NC_019877.2:16953034-16953534	15.76	fp	0
/mnt/c/Users/ethanshealy/Downloads/MA1528.1.meme	MA1528.1	NFIX	NC_019870.2:4029125-4029625	15.75	fp	0
/mnt/c/Users/ethanshealy/Downloads/MA1528.1.meme	MA1528.1	NFIX	NC_019866.2:15654181-15654681	15.74	tp	1
/mnt/c/Users/ethanshealy/Downloads/MA1528.1.meme	MA1528.1	NFIX	NC_019870.2:863870-864370	15.69	fp	0
/mnt/c/Users/ethanshealy/Downloads/MA1528.1.meme	MA1528.1	NFIX	NC_019870.2:863896-864396	15.69	fp	0
/mnt/c/Users/ethanshealy/Downloads/MA1528.1.meme	MA1528.1	NFIX	NC_019867.2:19508687-19509187	15.68	tp	0
/mnt/c/Users/ethanshealy/Downloads/MA1528.1.meme	MA1528.1	NFIX	NC_019860.2:20942042-20942542	15.63	tp	0
/mnt/c/Users/ethanshealy/Downloads/MA1528.1.meme	MA1528.1	NFIX	NC_019869.2:25271199-25271699	15.60	fp	0
/mnt/c/Users/ethanshealy/Downloads/MA1528.1.meme	MA1528.1	NFIX	NC_019868.2:4716484-4716984	15.60	tp	0
/mnt/c/Users/ethanshealy/Downloads/MA1528.1.meme	MA1528.1	NFIX	NC_019871.2:13123309-13123809	15.58	tp	0
/mnt/c/Users/ethanshealy/Downloads/MA1528.1.meme	MA1528.1	NFIX	NC_019860.2:23199956-23200456	15.56	tp	0
/mnt/c/Users/ethanshealy/Downloads/MA1528.1.meme	MA1528.1	NFIX	NC_019860.2:23199964-23200464	15.56	tp	0
/mnt/c/Users/ethanshealy/Downloads/MA1528.1.meme	MA1528.1	NFIX	NC_019863.2:12941412-12941912	15.53	tp	0
/mnt/c/Users/ethanshealy/Downloads/MA1528.1.meme	MA1528.1	NFIX	NC_019863.2:12941442-12941942	15.53	tp	0
/mnt/c/Users/ethanshealy/Downloads/MA1528.1.meme	MA1528.1	NFIX	NC_019863.2:12941240-12941740	15.53	fp	1
/mnt/c/Users/ethanshealy/Downloads/MA1528.1.meme	MA1528.1	NFIX	NC_019874.2:22634775-22635275	15.52	tp	0
/mnt/c/Users/ethanshealy/Downloads/MA1528.1.meme	MA1528.1	NFIX	NC_019874.2:22634493-22634993	15.52	tp	0
/mnt/c/Users/ethanshealy/Downloads/MA1528.1.meme	MA1528.1	NFIX	NC_019874.2:22634719-22635219	15.52	tp	0
/mnt/c/Users/ethanshealy/Downloads/MA1528.1.meme	MA1528.1	NFIX	NC_019874.2:22634734-22635234	15.52	tp	0
/mnt/c/Users/ethanshealy/Downloads/MA1528.1.meme	MA1528.1	NFIX	NC_019879.2:20180670-20181170	15.50	tp	0
/mnt/c/Users/ethanshealy/Downloads/MA1528.1.meme	MA1528.1	NFIX	NC_019879.2:20180672-20181172	15.50	tp	0
/mnt/c/Users/ethanshealy/Downloads/MA1528.1.meme	MA1528.1	NFIX	NC_019879.2:20180676-20181176	15.50	tp	0
/mnt/c/Users/ethanshealy/Downloads/MA1528.1.meme	MA1528.1	NFIX	NC_019865.2:12579594-12580094	15.48	tp	0
/mnt/c/Users/ethanshealy/Downloads/MA1528.1.meme	MA1528.1	NFIX	NC_019865.2:12579488-12579988	15.48	tp	0
/mnt/c/Users/ethanshealy/Downloads/MA1528.1.meme	MA1528.1	NFIX	NC_019865.2:12579583-12580083	15.48	tp	0
/mnt/c/Users/ethanshealy/Downloads/MA1528.1.meme	MA1528.1	NFIX	NC_019876.2:29121608-29122108	15.46	tp	1
/mnt/c/Users/ethanshealy/Downloads/MA1528.1.meme	MA1528.1	NFIX	NC_019879.2:21215529-21216029	15.45	tp	1
/mnt/c/Users/ethanshealy/Downloads/MA1528.1.meme	MA1528.1	NFIX	NC_019879.2:21215521-21216021	15.45	tp	1
/mnt/c/Users/ethanshealy/Downloads/MA1528.1.meme	MA1528.1	NFIX	NC_019859.2:25110978-25111478	15.44	fp	0
/mnt/c/Users/ethanshealy/Downloads/MA1528.1.meme	MA1528.1	NFIX	NC_019870.2:149857-150357	15.39	fp	0
/mnt/c/Users/ethanshealy/Downloads/MA1528.1.meme	MA1528.1	NFIX	NC_019880.2:17404027-17404527	15.37	fp	0
/mnt/c/Users/ethanshealy/Downloads/MA1528.1.meme	MA1528.1	NFIX	NC_019872.2:3363246-3363746	15.37	tp	0
/mnt/c/Users/ethanshealy/Downloads/MA1528.1.meme	MA1528.1	NFIX	NC_019871.2:19371583-19372083	15.29	fp	0
/mnt/c/Users/ethanshealy/Downloads/MA1528.1.meme	MA1528.1	NFIX	NC_019860.2:8967498-8967998	15.29	fp	0
/mnt/c/Users/ethanshealy/Downloads/MA1528.1.meme	MA1528.1	NFIX	NC_019863.2:30243872-30244372	15.27	tp	0
/mnt/c/Users/ethanshealy/Downloads/MA1528.1.meme	MA1528.1	NFIX	NC_019863.2:30243866-30244366	15.27	tp	0
/mnt/c/Users/ethanshealy/Downloads/MA1528.1.meme	MA1528.1	NFIX	NC_019868.2:11408048-11408548	15.27	tp	1
/mnt/c/Users/ethanshealy/Downloads/MA1528.1.meme	MA1528.1	NFIX	NC_019867.2:12665891-12666391	15.23	tp	0
/mnt/c/Users/ethanshealy/Downloads/MA1528.1.meme	MA1528.1	NFIX	NC_019867.2:12665881-12666381	15.23	tp	0
/mnt/c/Users/ethanshealy/Downloads/MA1528.1.meme	MA1528.1	NFIX	NC_019865.2:30946630-30947130	15.23	fp	0
/mnt/c/Users/ethanshealy/Downloads/MA1528.1.meme	MA1528.1	NFIX	NC_019868.2:21406564-21407064	15.23	tp	0
/mnt/c/Users/ethanshealy/Downloads/MA1528.1.meme	MA1528.1	NFIX	NC_019868.2:21406576-21407076	15.23	tp	0
/mnt/c/Users/ethanshealy/Downloads/MA1528.1.meme	MA1528.1	NFIX	NC_019868.2:21406785-21407285	15.23	fp	0
/mnt/c/Users/ethanshealy/Downloads/MA1528.1.meme	MA1528.1	NFIX	NC_019874.2:22758498-22758998	15.21	fp	0
/mnt/c/Users/ethanshealy/Downloads/MA1528.1.meme	MA1528.1	NFIX	NC_019874.2:22758586-22759086	15.21	fp	0
/mnt/c/Users/ethanshealy/Downloads/MA1528.1.meme	MA1528.1	NFIX	NC_019863.2:12758703-12759203	15.19	fp	1
/mnt/c/Users/ethanshealy/Downloads/MA1528.1.meme	MA1528.1	NFIX	NC_019875.2:11095505-11096005	15.18	fp	1
/mnt/c/Users/ethanshealy/Downloads/MA1528.1.meme	MA1528.1	NFIX	NC_019877.2:11666628-11667128	15.18	tp	1
/mnt/c/Users/ethanshealy/Downloads/MA1528.1.meme	MA1528.1	NFIX	NC_019878.2:25697808-25698308	15.18	fp	0
/mnt/c/Users/ethanshealy/Downloads/MA1528.1.meme	MA1528.1	NFIX	NC_019873.2:9327931-9328431	15.16	fp	1
/mnt/c/Users/ethanshealy/Downloads/MA1528.1.meme	MA1528.1	NFIX	NC_019881.2:15711314-15711814	15.15	tp	0
/mnt/c/Users/ethanshealy/Downloads/MA1528.1.meme	MA1528.1	NFIX	NC_019866.2:381519-382019	15.14	fp	0
/mnt/c/Users/ethanshealy/Downloads/MA1528.1.meme	MA1528.1	NFIX	NC_019866.2:381507-382007	15.14	fp	0
/mnt/c/Users/ethanshealy/Downloads/MA1528.1.meme	MA1528.1	NFIX	NC_019880.2:27676363-27676863	15.13	fp	0
/mnt/c/Users/ethanshealy/Downloads/MA1528.1.meme	MA1528.1	NFIX	NC_019881.2:17308140-17308640	15.12	tp	0
/mnt/c/Users/ethanshealy/Downloads/MA1528.1.meme	MA1528.1	NFIX	NC_019881.2:17308126-17308626	15.12	tp	1
/mnt/c/Users/ethanshealy/Downloads/MA1528.1.meme	MA1528.1	NFIX	NC_019871.2:32623283-32623783	15.12	fp	1
/mnt/c/Users/ethanshealy/Downloads/MA1528.1.meme	MA1528.1	NFIX	NC_019859.2:5243811-5244311	15.12	tp	0
/mnt/c/Users/ethanshealy/Downloads/MA1528.1.meme	MA1528.1	NFIX	NC_019865.2:23155810-23156310	15.12	tp	0
/mnt/c/Users/ethanshealy/Downloads/MA1528.1.meme	MA1528.1	NFIX	NC_019865.2:23155815-23156315	15.12	tp	0
/mnt/c/Users/ethanshealy/Downloads/MA1528.1.meme	MA1528.1	NFIX	NC_019861.2:35569588-35570088	15.10	tp	0
/mnt/c/Users/ethanshealy/Downloads/MA1528.1.meme	MA1528.1	NFIX	NC_019859.2:25829715-25830215	15.08	fp	0
/mnt/c/Users/ethanshealy/Downloads/MA1528.1.meme	MA1528.1	NFIX	NC_019861.2:26189255-26189755	15.06	fp	0
/mnt/c/Users/ethanshealy/Downloads/MA1528.1.meme	MA1528.1	NFIX	NC_019877.2:2838203-2838703	15.05	tp	0
/mnt/c/Users/ethanshealy/Downloads/MA1528.1.meme	MA1528.1	NFIX	NC_019877.2:2838237-2838737	15.05	tp	0
/mnt/c/Users/ethanshealy/Downloads/MA1528.1.meme	MA1528.1	NFIX	NC_019877.2:2838264-2838764	15.05	tp	0
/mnt/c/Users/ethanshealy/Downloads/MA1528.1.meme	MA1528.1	NFIX	NC_019877.2:2838197-2838697	15.05	tp	0
/mnt/c/Users/ethanshealy/Downloads/MA1528.1.meme	MA1528.1	NFIX	NC_019877.2:2838192-2838692	15.05	tp	0
/mnt/c/Users/ethanshealy/Downloads/MA1528.1.meme	MA1528.1	NFIX	NC_019860.2:464873-465373	15.04	tp	0
/mnt/c/Users/ethanshealy/Downloads/MA1528.1.meme	MA1528.1	NFIX	NC_019860.2:464689-465189	15.04	fp	0
/mnt/c/Users/ethanshealy/Downloads/MA1528.1.meme	MA1528.1	NFIX	NC_019876.2:28536569-28537069	15.00	fp	0
/mnt/c/Users/ethanshealy/Downloads/MA1528.1.meme	MA1528.1	NFIX	NC_019874.2:186221-186721	14.99	fp	0
/mnt/c/Users/ethanshealy/Downloads/MA1528.1.meme	MA1528.1	NFIX	NC_019859.2:36059432-36059932	14.98	fp	1
/mnt/c/Users/ethanshealy/Downloads/MA1528.1.meme	MA1528.1	NFIX	NC_019863.2:8480343-8480843	14.96	tp	0
/mnt/c/Users/ethanshealy/Downloads/MA1528.1.meme	MA1528.1	NFIX	NC_019875.2:5947371-5947871	14.96	fp	0
/mnt/c/Users/ethanshealy/Downloads/MA1528.1.meme	MA1528.1	NFIX	NC_019878.2:7567280-7567780	14.95	tp	0
/mnt/c/Users/ethanshealy/Downloads/MA1528.1.meme	MA1528.1	NFIX	NC_019869.2:21478869-21479369	14.94	tp	0
/mnt/c/Users/ethanshealy/Downloads/MA1528.1.meme	MA1528.1	NFIX	NC_019880.2:1871898-1872398	14.94	tp	0
/mnt/c/Users/ethanshealy/Downloads/MA1528.1.meme	MA1528.1	NFIX	NC_019880.2:1871872-1872372	14.94	tp	0
/mnt/c/Users/ethanshealy/Downloads/MA1528.1.meme	MA1528.1	NFIX	NC_019880.2:1871924-1872424	14.94	tp	0
/mnt/c/Users/ethanshealy/Downloads/MA1528.1.meme	MA1528.1	NFIX	NC_019880.2:1871893-1872393	14.94	tp	0
/mnt/c/Users/ethanshealy/Downloads/MA1528.1.meme	MA1528.1	NFIX	NC_019880.2:1871848-1872348	14.94	tp	0
/mnt/c/Users/ethanshealy/Downloads/MA1528.1.meme	MA1528.1	NFIX	NC_019880.2:1871911-1872411	14.94	tp	0
/mnt/c/Users/ethanshealy/Downloads/MA1528.1.meme	MA1528.1	NFIX	NC_019876.2:24597048-24597548	14.93	fp	0
/mnt/c/Users/ethanshealy/Downloads/MA1528.1.meme	MA1528.1	NFIX	NC_019875.2:5543484-5543984	14.89	tp	0
/mnt/c/Users/ethanshealy/Downloads/MA1528.1.meme	MA1528.1	NFIX	NC_019868.2:26284463-26284963	14.89	fp	0
/mnt/c/Users/ethanshealy/Downloads/MA1528.1.meme	MA1528.1	NFIX	NC_019868.2:26284683-26285183	14.89	fp	0
/mnt/c/Users/ethanshealy/Downloads/MA1528.1.meme	MA1528.1	NFIX	NC_019873.2:3780378-3780878	14.88	fp	0
/mnt/c/Users/ethanshealy/Downloads/MA1528.1.meme	MA1528.1	NFIX	NC_019873.2:3780649-3781149	14.88	fp	0
/mnt/c/Users/ethanshealy/Downloads/MA1528.1.meme	MA1528.1	NFIX	NC_019873.2:3780519-3781019	14.88	fp	0
/mnt/c/Users/ethanshealy/Downloads/MA1528.1.meme	MA1528.1	NFIX	NC_019878.2:5626714-5627214	14.85	tp	0
/mnt/c/Users/ethanshealy/Downloads/MA1528.1.meme	MA1528.1	NFIX	NC_019869.2:9605697-9606197	14.85	tp	0
/mnt/c/Users/ethanshealy/Downloads/MA1528.1.meme	MA1528.1	NFIX	NC_019860.2:9373065-9373565	14.85	tp	0
/mnt/c/Users/ethanshealy/Downloads/MA1528.1.meme	MA1528.1	NFIX	NC_019878.2:5626725-5627225	14.85	tp	0
/mnt/c/Users/ethanshealy/Downloads/MA1528.1.meme	MA1528.1	NFIX	NC_019878.2:5626720-5627220	14.85	tp	0
/mnt/c/Users/ethanshealy/Downloads/MA1528.1.meme	MA1528.1	NFIX	NC_019869.2:9605773-9606273	14.85	fp	0
/mnt/c/Users/ethanshealy/Downloads/MA1528.1.meme	MA1528.1	NFIX	NC_019877.2:23942937-23943437	14.85	fp	0
/mnt/c/Users/ethanshealy/Downloads/MA1528.1.meme	MA1528.1	NFIX	NC_019877.2:23942861-23943361	14.85	fp	0
/mnt/c/Users/ethanshealy/Downloads/MA1528.1.meme	MA1528.1	NFIX	NC_019865.2:13607057-13607557	14.85	tp	0
/mnt/c/Users/ethanshealy/Downloads/MA1528.1.meme	MA1528.1	NFIX	NC_019865.2:13607022-13607522	14.85	tp	0
/mnt/c/Users/ethanshealy/Downloads/MA1528.1.meme	MA1528.1	NFIX	NC_019864.2:2206299-2206799	14.84	fp	0
/mnt/c/Users/ethanshealy/Downloads/MA1528.1.meme	MA1528.1	NFIX	NC_019864.2:2206519-2207019	14.84	fp	0
/mnt/c/Users/ethanshealy/Downloads/MA1528.1.meme	MA1528.1	NFIX	NC_019864.2:2206370-2206870	14.84	fp	0
/mnt/c/Users/ethanshealy/Downloads/MA1528.1.meme	MA1528.1	NFIX	NC_019875.2:10868197-10868697	14.84	fp	0
/mnt/c/Users/ethanshealy/Downloads/MA1528.1.meme	MA1528.1	NFIX	NC_019875.2:10867963-10868463	14.84	fp	0
/mnt/c/Users/ethanshealy/Downloads/MA1528.1.meme	MA1528.1	NFIX	NC_019875.2:10868138-10868638	14.84	fp	1
/mnt/c/Users/ethanshealy/Downloads/MA1528.1.meme	MA1528.1	NFIX	NC_019877.2:21120912-21121412	14.83	fp	0
/mnt/c/Users/ethanshealy/Downloads/MA1528.1.meme	MA1528.1	NFIX	NC_019877.2:21120874-21121374	14.83	fp	0
/mnt/c/Users/ethanshealy/Downloads/MA1528.1.meme	MA1528.1	NFIX	NC_019868.2:7844730-7845230	14.81	tp	0
/mnt/c/Users/ethanshealy/Downloads/MA1528.1.meme	MA1528.1	NFIX	NC_019872.2:26677043-26677543	14.79	tp	0
/mnt/c/Users/ethanshealy/Downloads/MA1528.1.meme	MA1528.1	NFIX	NC_019859.2:4229213-4229713	14.78	tp	0
/mnt/c/Users/ethanshealy/Downloads/MA1528.1.meme	MA1528.1	NFIX	NC_019867.2:22375251-22375751	14.78	tp	0
/mnt/c/Users/ethanshealy/Downloads/MA1528.1.meme	MA1528.1	NFIX	NC_019881.2:9909334-9909834	14.78	fp	0
/mnt/c/Users/ethanshealy/Downloads/MA1528.1.meme	MA1528.1	NFIX	NC_019881.2:9909264-9909764	14.78	fp	0
/mnt/c/Users/ethanshealy/Downloads/MA1528.1.meme	MA1528.1	NFIX	NC_019859.2:24287283-24287783	14.78	fp	0
/mnt/c/Users/ethanshealy/Downloads/MA1528.1.meme	MA1528.1	NFIX	NC_019867.2:33360427-33360927	14.78	fp	0
/mnt/c/Users/ethanshealy/Downloads/MA1528.1.meme	MA1528.1	NFIX	NC_019874.2:29667227-29667727	14.78	fp	0
/mnt/c/Users/ethanshealy/Downloads/MA1528.1.meme	MA1528.1	NFIX	NC_019867.2:33360338-33360838	14.78	fp	0
/mnt/c/Users/ethanshealy/Downloads/MA1528.1.meme	MA1528.1	NFIX	NC_019875.2:12268898-12269398	14.78	fp	0
/mnt/c/Users/ethanshealy/Downloads/MA1528.1.meme	MA1528.1	NFIX	NC_019875.2:12268865-12269365	14.78	fp	0
/mnt/c/Users/ethanshealy/Downloads/MA1528.1.meme	MA1528.1	NFIX	NC_019867.2:22375261-22375761	14.78	tp	1
/mnt/c/Users/ethanshealy/Downloads/MA1528.1.meme	MA1528.1	NFIX	NC_019874.2:6007552-6008052	14.78	tp	0
/mnt/c/Users/ethanshealy/Downloads/MA1528.1.meme	MA1528.1	NFIX	NC_019860.2:252590-253090	14.78	fp	0
/mnt/c/Users/ethanshealy/Downloads/MA1528.1.meme	MA1528.1	NFIX	NC_019862.2:26169724-26170224	14.75	fp	0
/mnt/c/Users/ethanshealy/Downloads/MA1528.1.meme	MA1528.1	NFIX	NC_019862.2:26169616-26170116	14.75	fp	0
/mnt/c/Users/ethanshealy/Downloads/MA1528.1.meme	MA1528.1	NFIX	NC_019874.2:32137869-32138369	14.74	fp	0
/mnt/c/Users/ethanshealy/Downloads/MA1528.1.meme	MA1528.1	NFIX	NC_019861.2:7328793-7329293	14.73	tp	0
/mnt/c/Users/ethanshealy/Downloads/MA1528.1.meme	MA1528.1	NFIX	NC_019861.2:7328950-7329450	14.73	fp	0
/mnt/c/Users/ethanshealy/Downloads/MA1528.1.meme	MA1528.1	NFIX	NC_019870.2:4185579-4186079	14.72	tp	0
/mnt/c/Users/ethanshealy/Downloads/MA1528.1.meme	MA1528.1	NFIX	NC_019870.2:30291042-30291542	14.72	fp	0
/mnt/c/Users/ethanshealy/Downloads/MA1528.1.meme	MA1528.1	NFIX	NC_019860.2:9399163-9399663	14.68	fp	0
/mnt/c/Users/ethanshealy/Downloads/MA1528.1.meme	MA1528.1	NFIX	NC_019875.2:31584604-31585104	14.68	fp	0
/mnt/c/Users/ethanshealy/Downloads/MA1528.1.meme	MA1528.1	NFIX	NC_019873.2:28458721-28459221	14.66	tp	0
/mnt/c/Users/ethanshealy/Downloads/MA1528.1.meme	MA1528.1	NFIX	NC_019873.2:28459164-28459664	14.66	fp	1
/mnt/c/Users/ethanshealy/Downloads/MA1528.1.meme	MA1528.1	NFIX	NC_019862.2:21053515-21054015	14.64	tp	0
/mnt/c/Users/ethanshealy/Downloads/MA1528.1.meme	MA1528.1	NFIX	NC_019862.2:21053508-21054008	14.64	tp	0
/mnt/c/Users/ethanshealy/Downloads/MA1528.1.meme	MA1528.1	NFIX	NC_019862.2:21053497-21053997	14.64	tp	0
/mnt/c/Users/ethanshealy/Downloads/MA1528.1.meme	MA1528.1	NFIX	NC_019862.2:21053487-21053987	14.64	tp	0
/mnt/c/Users/ethanshealy/Downloads/MA1528.1.meme	MA1528.1	NFIX	NC_019862.2:21053477-21053977	14.64	tp	1
/mnt/c/Users/ethanshealy/Downloads/MA1528.1.meme	MA1528.1	NFIX	NC_019862.2:21053494-21053994	14.64	tp	1
/mnt/c/Users/ethanshealy/Downloads/MA1528.1.meme	MA1528.1	NFIX	NC_019862.2:31956128-31956628	14.63	fp	0
/mnt/c/Users/ethanshealy/Downloads/MA1528.1.meme	MA1528.1	NFIX	NC_019861.2:7054505-7055005	14.62	fp	0
/mnt/c/Users/ethanshealy/Downloads/MA1528.1.meme	MA1528.1	NFIX	NC_019873.2:223125-223625	14.62	fp	0
/mnt/c/Users/ethanshealy/Downloads/MA1528.1.meme	MA1528.1	NFIX	NC_019878.2:18357284-18357784	14.61	tp	0
/mnt/c/Users/ethanshealy/Downloads/MA1528.1.meme	MA1528.1	NFIX	NC_019865.2:24052525-24053025	14.61	tp	0
/mnt/c/Users/ethanshealy/Downloads/MA1528.1.meme	MA1528.1	NFIX	NC_019865.2:24052672-24053172	14.61	fp	0
/mnt/c/Users/ethanshealy/Downloads/MA1528.1.meme	MA1528.1	NFIX	NC_019865.2:7333138-7333638	14.59	tp	1
/mnt/c/Users/ethanshealy/Downloads/MA1528.1.meme	MA1528.1	NFIX	NC_019881.2:20264115-20264615	14.59	fp	0
/mnt/c/Users/ethanshealy/Downloads/MA1528.1.meme	MA1528.1	NFIX	NC_019881.2:19661035-19661535	14.59	fp	0
/mnt/c/Users/ethanshealy/Downloads/MA1528.1.meme	MA1528.1	NFIX	NC_019874.2:2146403-2146903	14.58	tp	1
/mnt/c/Users/ethanshealy/Downloads/MA1528.1.meme	MA1528.1	NFIX	NC_019860.2:17102613-17103113	14.56	tp	0
/mnt/c/Users/ethanshealy/Downloads/MA1528.1.meme	MA1528.1	NFIX	NC_019877.2:7079019-7079519	14.55	fp	0
/mnt/c/Users/ethanshealy/Downloads/MA1528.1.meme	MA1528.1	NFIX	NC_019875.2:7059274-7059774	14.54	tp	0
/mnt/c/Users/ethanshealy/Downloads/MA1528.1.meme	MA1528.1	NFIX	NC_019873.2:16049603-16050103	14.53	tp	1
/mnt/c/Users/ethanshealy/Downloads/MA1528.1.meme	MA1528.1	NFIX	NC_019864.2:1643262-1643762	14.52	tp	0
/mnt/c/Users/ethanshealy/Downloads/MA1528.1.meme	MA1528.1	NFIX	NC_019863.2:218899-219399	14.48	fp	0
/mnt/c/Users/ethanshealy/Downloads/MA1528.1.meme	MA1528.1	NFIX	NC_019877.2:2662587-2663087	14.47	fp	0
/mnt/c/Users/ethanshealy/Downloads/MA1528.1.meme	MA1528.1	NFIX	NC_019871.2:20011887-20012387	14.47	fp	0
/mnt/c/Users/ethanshealy/Downloads/MA1528.1.meme	MA1528.1	NFIX	NC_019867.2:500212-500712	14.47	tp	0
/mnt/c/Users/ethanshealy/Downloads/MA1528.1.meme	MA1528.1	NFIX	NC_019877.2:2264419-2264919	14.46	tp	1
/mnt/c/Users/ethanshealy/Downloads/MA1528.1.meme	MA1528.1	NFIX	NC_019859.2:1388064-1388564	14.46	fp	1
/mnt/c/Users/ethanshealy/Downloads/MA1528.1.meme	MA1528.1	NFIX	NC_019867.2:30311468-30311968	14.45	fp	0
/mnt/c/Users/ethanshealy/Downloads/MA1528.1.meme	MA1528.1	NFIX	NC_019867.2:30311439-30311939	14.45	fp	1
/mnt/c/Users/ethanshealy/Downloads/MA1528.1.meme	MA1528.1	NFIX	NC_019866.2:25964208-25964708	14.44	fp	0
/mnt/c/Users/ethanshealy/Downloads/MA1528.1.meme	MA1528.1	NFIX	NC_019862.2:1239408-1239908	14.44	fp	0
/mnt/c/Users/ethanshealy/Downloads/MA1528.1.meme	MA1528.1	NFIX	NC_019870.2:875142-875642	14.44	tp	0
/mnt/c/Users/ethanshealy/Downloads/MA1528.1.meme	MA1528.1	NFIX	NC_019880.2:3359360-3359860	14.44	tp	0
/mnt/c/Users/ethanshealy/Downloads/MA1528.1.meme	MA1528.1	NFIX	NC_019880.2:3359351-3359851	14.44	tp	0
/mnt/c/Users/ethanshealy/Downloads/MA1528.1.meme	MA1528.1	NFIX	NC_019859.2:1387640-1388140	14.44	fp	0
/mnt/c/Users/ethanshealy/Downloads/MA1528.1.meme	MA1528.1	NFIX	NC_019859.2:1387893-1388393	14.44	fp	0
/mnt/c/Users/ethanshealy/Downloads/MA1528.1.meme	MA1528.1	NFIX	NC_019859.2:1387990-1388490	14.44	fp	0
/mnt/c/Users/ethanshealy/Downloads/MA1528.1.meme	MA1528.1	NFIX	NC_019862.2:3341111-3341611	14.44	tp	0
/mnt/c/Users/ethanshealy/Downloads/MA1528.1.meme	MA1528.1	NFIX	NC_019877.2:15384271-15384771	14.40	tp	0
/mnt/c/Users/ethanshealy/Downloads/MA1528.1.meme	MA1528.1	NFIX	NC_019877.2:15384276-15384776	14.40	tp	0
/mnt/c/Users/ethanshealy/Downloads/MA1528.1.meme	MA1528.1	NFIX	NC_019877.2:15384271-15384771	14.40	fp	0
/mnt/c/Users/ethanshealy/Downloads/MA1528.1.meme	MA1528.1	NFIX	NC_019875.2:23361551-23362051	14.38	tp	0
/mnt/c/Users/ethanshealy/Downloads/MA1528.1.meme	MA1528.1	NFIX	NC_019859.2:7354702-7355202	14.36	fp	0
/mnt/c/Users/ethanshealy/Downloads/MA1528.1.meme	MA1528.1	NFIX	NC_019869.2:11328441-11328941	14.32	tp	0
/mnt/c/Users/ethanshealy/Downloads/MA1528.1.meme	MA1528.1	NFIX	NC_019869.2:11328418-11328918	14.32	tp	0
/mnt/c/Users/ethanshealy/Downloads/MA1528.1.meme	MA1528.1	NFIX	NC_019865.2:492217-492717	14.30	fp	0
/mnt/c/Users/ethanshealy/Downloads/MA1528.1.meme	MA1528.1	NFIX	NC_019865.2:492224-492724	14.30	fp	0
/mnt/c/Users/ethanshealy/Downloads/MA1528.1.meme	MA1528.1	NFIX	NC_019879.2:659085-659585	14.29	fp	0
/mnt/c/Users/ethanshealy/Downloads/MA1528.1.meme	MA1528.1	NFIX	NC_019867.2:4336443-4336943	14.29	fp	0
/mnt/c/Users/ethanshealy/Downloads/MA1528.1.meme	MA1528.1	NFIX	NC_019881.2:21145693-21146193	14.27	tp	0
/mnt/c/Users/ethanshealy/Downloads/MA1528.1.meme	MA1528.1	NFIX	NC_019877.2:3894204-3894704	14.26	tp	0
/mnt/c/Users/ethanshealy/Downloads/MA1528.1.meme	MA1528.1	NFIX	NC_019879.2:13953184-13953684	14.26	tp	0
/mnt/c/Users/ethanshealy/Downloads/MA1528.1.meme	MA1528.1	NFIX	NC_019879.2:13953170-13953670	14.26	tp	0
/mnt/c/Users/ethanshealy/Downloads/MA1528.1.meme	MA1528.1	NFIX	NC_019876.2:20477455-20477955	14.26	fp	0
/mnt/c/Users/ethanshealy/Downloads/MA1528.1.meme	MA1528.1	NFIX	NC_019876.2:26473839-26474339	14.24	tp	0
/mnt/c/Users/ethanshealy/Downloads/MA1528.1.meme	MA1528.1	NFIX	NC_019859.2:20329876-20330376	14.24	fp	0
/mnt/c/Users/ethanshealy/Downloads/MA1528.1.meme	MA1528.1	NFIX	NC_019872.2:23163812-23164312	14.24	tp	0
/mnt/c/Users/ethanshealy/Downloads/MA1528.1.meme	MA1528.1	NFIX	NC_019861.2:1062800-1063300	14.23	fp	0
/mnt/c/Users/ethanshealy/Downloads/MA1528.1.meme	MA1528.1	NFIX	NC_019867.2:17838868-17839368	14.21	tp	0
/mnt/c/Users/ethanshealy/Downloads/MA1528.1.meme	MA1528.1	NFIX	NC_019867.2:17838871-17839371	14.21	tp	1
/mnt/c/Users/ethanshealy/Downloads/MA1528.1.meme	MA1528.1	NFIX	NC_019880.2:16221285-16221785	14.21	tp	0
/mnt/c/Users/ethanshealy/Downloads/MA1528.1.meme	MA1528.1	NFIX	NC_019869.2:6449891-6450391	14.18	fp	0
/mnt/c/Users/ethanshealy/Downloads/MA1528.1.meme	MA1528.1	NFIX	NC_019865.2:32637081-32637581	14.16	tp	1
/mnt/c/Users/ethanshealy/Downloads/MA1528.1.meme	MA1528.1	NFIX	NC_019880.2:22979010-22979510	14.15	fp	0
/mnt/c/Users/ethanshealy/Downloads/MA1528.1.meme	MA1528.1	NFIX	NC_019866.2:176467-176967	14.15	fp	0
/mnt/c/Users/ethanshealy/Downloads/MA1528.1.meme	MA1528.1	NFIX	NC_019866.2:176432-176932	14.15	fp	0
/mnt/c/Users/ethanshealy/Downloads/MA1528.1.meme	MA1528.1	NFIX	NC_019866.2:176501-177001	14.15	fp	0
/mnt/c/Users/ethanshealy/Downloads/MA1528.1.meme	MA1528.1	NFIX	NC_019874.2:7255329-7255829	14.13	tp	0
/mnt/c/Users/ethanshealy/Downloads/MA1528.1.meme	MA1528.1	NFIX	NC_019862.2:14714309-14714809	14.12	tp	0
/mnt/c/Users/ethanshealy/Downloads/MA1528.1.meme	MA1528.1	NFIX	NC_019860.2:23289425-23289925	14.11	fp	0
/mnt/c/Users/ethanshealy/Downloads/MA1528.1.meme	MA1528.1	NFIX	NC_019861.2:21024052-21024552	14.10	tp	0
/mnt/c/Users/ethanshealy/Downloads/MA1528.1.meme	MA1528.1	NFIX	NC_019862.2:1509117-1509617	14.10	tp	0
/mnt/c/Users/ethanshealy/Downloads/MA1528.1.meme	MA1528.1	NFIX	NC_019862.2:1509129-1509629	14.10	tp	0
/mnt/c/Users/ethanshealy/Downloads/MA1528.1.meme	MA1528.1	NFIX	NC_019862.2:1509139-1509639	14.10	tp	0
/mnt/c/Users/ethanshealy/Downloads/MA1528.1.meme	MA1528.1	NFIX	NC_019867.2:20948068-20948568	14.09	fp	0
/mnt/c/Users/ethanshealy/Downloads/MA1528.1.meme	MA1528.1	NFIX	NC_019881.2:10947081-10947581	14.09	fp	0
/mnt/c/Users/ethanshealy/Downloads/MA1528.1.meme	MA1528.1	NFIX	NC_019881.2:10946867-10947367	14.09	fp	0
/mnt/c/Users/ethanshealy/Downloads/MA1528.1.meme	MA1528.1	NFIX	NC_019864.2:30015185-30015685	14.09	fp	0
/mnt/c/Users/ethanshealy/Downloads/MA1528.1.meme	MA1528.1	NFIX	NC_019863.2:524020-524520	14.07	tp	0
/mnt/c/Users/ethanshealy/Downloads/MA1528.1.meme	MA1528.1	NFIX	NC_019863.2:524025-524525	14.07	tp	0
/mnt/c/Users/ethanshealy/Downloads/MA1528.1.meme	MA1528.1	NFIX	NC_019863.2:25496625-25497125	14.05	tp	0
/mnt/c/Users/ethanshealy/Downloads/MA1528.1.meme	MA1528.1	NFIX	NC_019863.2:16209124-16209624	14.05	fp	0
/mnt/c/Users/ethanshealy/Downloads/MA1528.1.meme	MA1528.1	NFIX	NC_019869.2:26597532-26598032	14.04	tp	0
/mnt/c/Users/ethanshealy/Downloads/MA1528.1.meme	MA1528.1	NFIX	NC_019880.2:26234786-26235286	13.98	fp	0
/mnt/c/Users/ethanshealy/Downloads/MA1528.1.meme	MA1528.1	NFIX	NC_019864.2:16872082-16872582	13.97	tp	0
/mnt/c/Users/ethanshealy/Downloads/MA1528.1.meme	MA1528.1	NFIX	NC_019866.2:23839338-23839838	13.94	tp	0
/mnt/c/Users/ethanshealy/Downloads/MA1528.1.meme	MA1528.1	NFIX	NC_019876.2:18299149-18299649	13.94	fp	0
/mnt/c/Users/ethanshealy/Downloads/MA1528.1.meme	MA1528.1	NFIX	NC_019866.2:9648967-9649467	13.93	fp	0
/mnt/c/Users/ethanshealy/Downloads/MA1528.1.meme	MA1528.1	NFIX	NC_019881.2:3980795-3981295	13.93	fp	0
/mnt/c/Users/ethanshealy/Downloads/MA1528.1.meme	MA1528.1	NFIX	NC_019872.2:1773443-1773943	13.93	fp	0
/mnt/c/Users/ethanshealy/Downloads/MA1528.1.meme	MA1528.1	NFIX	NC_019871.2:23489187-23489687	13.93	fp	0
/mnt/c/Users/ethanshealy/Downloads/MA1528.1.meme	MA1528.1	NFIX	NC_019877.2:3354297-3354797	13.90	tp	0
/mnt/c/Users/ethanshealy/Downloads/MA1528.1.meme	MA1528.1	NFIX	NC_019877.2:3354329-3354829	13.90	tp	0
/mnt/c/Users/ethanshealy/Downloads/MA1528.1.meme	MA1528.1	NFIX	NC_019877.2:3354342-3354842	13.90	tp	1
/mnt/c/Users/ethanshealy/Downloads/MA1528.1.meme	MA1528.1	NFIX	NC_019865.2:17067562-17068062	13.90	tp	0
/mnt/c/Users/ethanshealy/Downloads/MA1528.1.meme	MA1528.1	NFIX	NC_019881.2:5218729-5219229	13.89	tp	0
/mnt/c/Users/ethanshealy/Downloads/MA1528.1.meme	MA1528.1	NFIX	NC_019880.2:23979378-23979878	13.89	fp	0
/mnt/c/Users/ethanshealy/Downloads/MA1528.1.meme	MA1528.1	NFIX	NC_019868.2:1530685-1531185	13.89	fp	0
/mnt/c/Users/ethanshealy/Downloads/MA1528.1.meme	MA1528.1	NFIX	NC_019880.2:25513856-25514356	13.89	fp	0
/mnt/c/Users/ethanshealy/Downloads/MA1528.1.meme	MA1528.1	NFIX	NC_019861.2:38171865-38172365	13.88	fp	0
/mnt/c/Users/ethanshealy/Downloads/MA1528.1.meme	MA1528.1	NFIX	NC_019873.2:29876018-29876518	13.88	fp	0
/mnt/c/Users/ethanshealy/Downloads/MA1528.1.meme	MA1528.1	NFIX	NC_019860.2:13351296-13351796	13.88	tp	0
/mnt/c/Users/ethanshealy/Downloads/MA1528.1.meme	MA1528.1	NFIX	NC_019860.2:13351312-13351812	13.88	tp	1
/mnt/c/Users/ethanshealy/Downloads/MA1528.1.meme	MA1528.1	NFIX	NC_019869.2:26898711-26899211	13.86	fp	0
/mnt/c/Users/ethanshealy/Downloads/MA1528.1.meme	MA1528.1	NFIX	NC_019874.2:14166094-14166594	13.84	fp	0
/mnt/c/Users/ethanshealy/Downloads/MA1528.1.meme	MA1528.1	NFIX	NC_019870.2:3899943-3900443	13.79	tp	0
/mnt/c/Users/ethanshealy/Downloads/MA1528.1.meme	MA1528.1	NFIX	NC_019882.2:5543452-5543952	13.79	tp	0
/mnt/c/Users/ethanshealy/Downloads/MA1528.1.meme	MA1528.1	NFIX	NC_019882.2:5543447-5543947	13.79	tp	0
/mnt/c/Users/ethanshealy/Downloads/MA1528.1.meme	MA1528.1	NFIX	NC_019874.2:32261883-32262383	13.78	fp	0
/mnt/c/Users/ethanshealy/Downloads/MA1528.1.meme	MA1528.1	NFIX	NC_019874.2:32261833-32262333	13.78	fp	0
/mnt/c/Users/ethanshealy/Downloads/MA1528.1.meme	MA1528.1	NFIX	NC_019860.2:6034086-6034586	13.77	fp	0
/mnt/c/Users/ethanshealy/Downloads/MA1528.1.meme	MA1528.1	NFIX	NC_019868.2:24853383-24853883	13.77	tp	0
/mnt/c/Users/ethanshealy/Downloads/MA1528.1.meme	MA1528.1	NFIX	NC_019873.2:25714732-25715232	13.77	tp	0
/mnt/c/Users/ethanshealy/Downloads/MA1528.1.meme	MA1528.1	NFIX	NC_019874.2:8623037-8623537	13.77	fp	0
/mnt/c/Users/ethanshealy/Downloads/MA1528.1.meme	MA1528.1	NFIX	NC_019870.2:20117501-20118001	13.77	fp	0
/mnt/c/Users/ethanshealy/Downloads/MA1528.1.meme	MA1528.1	NFIX	NC_019861.2:26143141-26143641	13.77	fp	0
/mnt/c/Users/ethanshealy/Downloads/MA1528.1.meme	MA1528.1	NFIX	NC_019861.2:26143370-26143870	13.77	fp	0
/mnt/c/Users/ethanshealy/Downloads/MA1528.1.meme	MA1528.1	NFIX	NC_019873.2:25714643-25715143	13.77	tp	1
/mnt/c/Users/ethanshealy/Downloads/MA1528.1.meme	MA1528.1	NFIX	NC_019866.2:26228226-26228726	13.76	fp	0
/mnt/c/Users/ethanshealy/Downloads/MA1528.1.meme	MA1528.1	NFIX	NC_019879.2:20508064-20508564	13.76	tp	0
/mnt/c/Users/ethanshealy/Downloads/MA1528.1.meme	MA1528.1	NFIX	NC_019866.2:25106159-25106659	13.76	fp	0
/mnt/c/Users/ethanshealy/Downloads/MA1528.1.meme	MA1528.1	NFIX	NC_019874.2:9824521-9825021	13.74	tp	0
/mnt/c/Users/ethanshealy/Downloads/MA1528.1.meme	MA1528.1	NFIX	NC_019876.2:11983715-11984215	13.74	fp	0
/mnt/c/Users/ethanshealy/Downloads/MA1528.1.meme	MA1528.1	NFIX	NC_019876.2:25227689-25228189	13.65	fp	0
/mnt/c/Users/ethanshealy/Downloads/MA1528.1.meme	MA1528.1	NFIX	NC_019876.2:25227966-25228466	13.65	fp	0
/mnt/c/Users/ethanshealy/Downloads/MA1528.1.meme	MA1528.1	NFIX	NC_019861.2:9530716-9531216	13.62	fp	0
/mnt/c/Users/ethanshealy/Downloads/MA1528.1.meme	MA1528.1	NFIX	NC_019866.2:10215206-10215706	13.62	tp	0
/mnt/c/Users/ethanshealy/Downloads/MA1528.1.meme	MA1528.1	NFIX	NC_019863.2:5101165-5101665	13.60	fp	0
/mnt/c/Users/ethanshealy/Downloads/MA1528.1.meme	MA1528.1	NFIX	NC_019868.2:21556473-21556973	13.60	tp	0
/mnt/c/Users/ethanshealy/Downloads/MA1528.1.meme	MA1528.1	NFIX	NC_019871.2:31117200-31117700	13.57	fp	1
/mnt/c/Users/ethanshealy/Downloads/MA1528.1.meme	MA1528.1	NFIX	NC_019876.2:19795411-19795911	13.56	fp	0
/mnt/c/Users/ethanshealy/Downloads/MA1528.1.meme	MA1528.1	NFIX	NC_019875.2:24434379-24434879	13.56	tp	1
/mnt/c/Users/ethanshealy/Downloads/MA1528.1.meme	MA1528.1	NFIX	NC_019865.2:17113421-17113921	13.54	tp	0
/mnt/c/Users/ethanshealy/Downloads/MA1528.1.meme	MA1528.1	NFIX	NC_019878.2:18282008-18282508	13.50	tp	0
/mnt/c/Users/ethanshealy/Downloads/MA1528.1.meme	MA1528.1	NFIX	NC_019878.2:18281961-18282461	13.50	tp	0
/mnt/c/Users/ethanshealy/Downloads/MA1528.1.meme	MA1528.1	NFIX	NC_019866.2:23122193-23122693	13.48	tp	0
/mnt/c/Users/ethanshealy/Downloads/MA1528.1.meme	MA1528.1	NFIX	NC_019866.2:23122196-23122696	13.48	tp	0
/mnt/c/Users/ethanshealy/Downloads/MA1528.1.meme	MA1528.1	NFIX	NC_019866.2:23122175-23122675	13.48	tp	0
/mnt/c/Users/ethanshealy/Downloads/MA1528.1.meme	MA1528.1	NFIX	NC_019866.2:23122206-23122706	13.48	tp	0
/mnt/c/Users/ethanshealy/Downloads/MA1528.1.meme	MA1528.1	NFIX	NC_019871.2:29035475-29035975	13.46	fp	0
/mnt/c/Users/ethanshealy/Downloads/MA1528.1.meme	MA1528.1	NFIX	NC_019871.2:29035592-29036092	13.46	fp	0
/mnt/c/Users/ethanshealy/Downloads/MA1528.1.meme	MA1528.1	NFIX	NC_019876.2:13560523-13561023	13.46	fp	0
/mnt/c/Users/ethanshealy/Downloads/MA1528.1.meme	MA1528.1	NFIX	NC_019879.2:21407503-21408003	13.42	tp	0
/mnt/c/Users/ethanshealy/Downloads/MA1528.1.meme	MA1528.1	NFIX	NC_019865.2:26698003-26698503	13.42	tp	0
/mnt/c/Users/ethanshealy/Downloads/MA1528.1.meme	MA1528.1	NFIX	NC_019863.2:5456777-5457277	13.41	tp	0
/mnt/c/Users/ethanshealy/Downloads/MA1528.1.meme	MA1528.1	NFIX	NC_019877.2:14573645-14574145	13.41	fp	0
/mnt/c/Users/ethanshealy/Downloads/MA1528.1.meme	MA1528.1	NFIX	NC_019869.2:1527804-1528304	13.38	fp	0
/mnt/c/Users/ethanshealy/Downloads/MA1528.1.meme	MA1528.1	NFIX	NC_019865.2:1360740-1361240	13.37	tp	0
/mnt/c/Users/ethanshealy/Downloads/MA1528.1.meme	MA1528.1	NFIX	NC_019882.2:7620563-7621063	13.35	tp	0
/mnt/c/Users/ethanshealy/Downloads/MA1528.1.meme	MA1528.1	NFIX	NC_019865.2:31866312-31866812	13.34	tp	0
/mnt/c/Users/ethanshealy/Downloads/MA1528.1.meme	MA1528.1	NFIX	NC_019865.2:31866408-31866908	13.34	tp	0
/mnt/c/Users/ethanshealy/Downloads/MA1528.1.meme	MA1528.1	NFIX	NC_019865.2:31866516-31867016	13.34	tp	0
/mnt/c/Users/ethanshealy/Downloads/MA1528.1.meme	MA1528.1	NFIX	NC_019865.2:31866454-31866954	13.34	tp	0
/mnt/c/Users/ethanshealy/Downloads/MA1528.1.meme	MA1528.1	NFIX	NC_019865.2:31866284-31866784	13.34	tp	0
/mnt/c/Users/ethanshealy/Downloads/MA1528.1.meme	MA1528.1	NFIX	NC_019865.2:31866506-31867006	13.34	tp	0
/mnt/c/Users/ethanshealy/Downloads/MA1528.1.meme	MA1528.1	NFIX	NC_019865.2:31866282-31866782	13.34	tp	0
/mnt/c/Users/ethanshealy/Downloads/MA1528.1.meme	MA1528.1	NFIX	NC_019865.2:31866336-31866836	13.34	tp	1
/mnt/c/Users/ethanshealy/Downloads/MA1528.1.meme	MA1528.1	NFIX	NC_019865.2:31866298-31866798	13.34	tp	1
/mnt/c/Users/ethanshealy/Downloads/MA1528.1.meme	MA1528.1	NFIX	NC_019865.2:31866320-31866820	13.34	tp	1
/mnt/c/Users/ethanshealy/Downloads/MA1528.1.meme	MA1528.1	NFIX	NC_019865.2:31866270-31866770	13.34	tp	1
/mnt/c/Users/ethanshealy/Downloads/MA1528.1.meme	MA1528.1	NFIX	NC_019865.2:31866512-31867012	13.34	tp	1
/mnt/c/Users/ethanshealy/Downloads/MA1528.1.meme	MA1528.1	NFIX	NC_019874.2:16038154-16038654	13.33	tp	0
/mnt/c/Users/ethanshealy/Downloads/MA1528.1.meme	MA1528.1	NFIX	NC_019873.2:3684696-3685196	13.31	fp	0
/mnt/c/Users/ethanshealy/Downloads/MA1528.1.meme	MA1528.1	NFIX	NC_019869.2:27788844-27789344	13.30	fp	0
/mnt/c/Users/ethanshealy/Downloads/MA1528.1.meme	MA1528.1	NFIX	NC_019869.2:27788959-27789459	13.30	fp	0
/mnt/c/Users/ethanshealy/Downloads/MA1528.1.meme	MA1528.1	NFIX	NC_019869.2:27788927-27789427	13.30	fp	0
/mnt/c/Users/ethanshealy/Downloads/MA1528.1.meme	MA1528.1	NFIX	NC_019880.2:28545999-28546499	13.30	fp	0
/mnt/c/Users/ethanshealy/Downloads/MA1528.1.meme	MA1528.1	NFIX	NC_019859.2:32369483-32369983	13.29	tp	0
/mnt/c/Users/ethanshealy/Downloads/MA1528.1.meme	MA1528.1	NFIX	NC_019859.2:32369505-32370005	13.29	tp	0
/mnt/c/Users/ethanshealy/Downloads/MA1528.1.meme	MA1528.1	NFIX	NC_019859.2:32369459-32369959	13.29	tp	0
/mnt/c/Users/ethanshealy/Downloads/MA1528.1.meme	MA1528.1	NFIX	NC_019871.2:30295971-30296471	13.29	fp	0
/mnt/c/Users/ethanshealy/Downloads/MA1528.1.meme	MA1528.1	NFIX	NC_019871.2:30296147-30296647	13.29	tp	1
/mnt/c/Users/ethanshealy/Downloads/MA1528.1.meme	MA1528.1	NFIX	NC_019862.2:30314398-30314898	13.28	fp	0
/mnt/c/Users/ethanshealy/Downloads/MA1528.1.meme	MA1528.1	NFIX	NC_019878.2:9074274-9074774	13.27	tp	0
/mnt/c/Users/ethanshealy/Downloads/MA1528.1.meme	MA1528.1	NFIX	NC_019878.2:9074234-9074734	13.27	tp	0
/mnt/c/Users/ethanshealy/Downloads/MA1528.1.meme	MA1528.1	NFIX	NC_019878.2:9074244-9074744	13.27	tp	0
/mnt/c/Users/ethanshealy/Downloads/MA1528.1.meme	MA1528.1	NFIX	NC_019867.2:20495556-20496056	13.27	tp	0
/mnt/c/Users/ethanshealy/Downloads/MA1528.1.meme	MA1528.1	NFIX	NC_019863.2:20219262-20219762	13.27	tp	0
/mnt/c/Users/ethanshealy/Downloads/MA1528.1.meme	MA1528.1	NFIX	NC_019863.2:11686677-11687177	13.27	fp	0
/mnt/c/Users/ethanshealy/Downloads/MA1528.1.meme	MA1528.1	NFIX	NC_019882.2:317609-318109	13.26	fp	0
/mnt/c/Users/ethanshealy/Downloads/MA1528.1.meme	MA1528.1	NFIX	NC_019860.2:630023-630523	13.25	fp	0
/mnt/c/Users/ethanshealy/Downloads/MA1528.1.meme	MA1528.1	NFIX	NC_019872.2:27617425-27617925	13.25	fp	0
/mnt/c/Users/ethanshealy/Downloads/MA1528.1.meme	MA1528.1	NFIX	NC_019860.2:629929-630429	13.25	fp	0
/mnt/c/Users/ethanshealy/Downloads/MA1528.1.meme	MA1528.1	NFIX	NC_019860.2:630144-630644	13.25	fp	0
/mnt/c/Users/ethanshealy/Downloads/MA1528.1.meme	MA1528.1	NFIX	NC_019867.2:17021719-17022219	13.25	tp	0
/mnt/c/Users/ethanshealy/Downloads/MA1528.1.meme	MA1528.1	NFIX	NC_019870.2:896186-896686	13.24	fp	0
/mnt/c/Users/ethanshealy/Downloads/MA1528.1.meme	MA1528.1	NFIX	NC_019870.2:5433142-5433642	13.23	tp	0
/mnt/c/Users/ethanshealy/Downloads/MA1528.1.meme	MA1528.1	NFIX	NC_019870.2:16020897-16021397	13.20	fp	0
/mnt/c/Users/ethanshealy/Downloads/MA1528.1.meme	MA1528.1	NFIX	NC_019870.2:16020752-16021252	13.20	fp	0
/mnt/c/Users/ethanshealy/Downloads/MA1528.1.meme	MA1528.1	NFIX	NC_019865.2:29797501-29798001	13.20	tp	0
/mnt/c/Users/ethanshealy/Downloads/MA1528.1.meme	MA1528.1	NFIX	NC_019865.2:29797507-29798007	13.20	tp	0
/mnt/c/Users/ethanshealy/Downloads/MA1528.1.meme	MA1528.1	NFIX	NC_019865.2:29797499-29797999	13.20	tp	0
/mnt/c/Users/ethanshealy/Downloads/MA1528.1.meme	MA1528.1	NFIX	NC_019865.2:29797249-29797749	13.20	tp	0
/mnt/c/Users/ethanshealy/Downloads/MA1528.1.meme	MA1528.1	NFIX	NC_019865.2:29797299-29797799	13.20	tp	0
/mnt/c/Users/ethanshealy/Downloads/MA1528.1.meme	MA1528.1	NFIX	NC_019865.2:29797260-29797760	13.20	tp	0
/mnt/c/Users/ethanshealy/Downloads/MA1528.1.meme	MA1528.1	NFIX	NC_019865.2:29797274-29797774	13.20	tp	0
/mnt/c/Users/ethanshealy/Downloads/MA1528.1.meme	MA1528.1	NFIX	NC_019865.2:29797269-29797769	13.20	tp	0
/mnt/c/Users/ethanshealy/Downloads/MA1528.1.meme	MA1528.1	NFIX	NC_019865.2:29797276-29797776	13.20	tp	0
/mnt/c/Users/ethanshealy/Downloads/MA1528.1.meme	MA1528.1	NFIX	NC_019865.2:29797446-29797946	13.20	tp	0
/mnt/c/Users/ethanshealy/Downloads/MA1528.1.meme	MA1528.1	NFIX	NC_019865.2:29797262-29797762	13.20	tp	0
/mnt/c/Users/ethanshealy/Downloads/MA1528.1.meme	MA1528.1	NFIX	NC_019865.2:29797448-29797948	13.20	tp	0
/mnt/c/Users/ethanshealy/Downloads/MA1528.1.meme	MA1528.1	NFIX	NC_019865.2:29797477-29797977	13.20	tp	0
/mnt/c/Users/ethanshealy/Downloads/MA1528.1.meme	MA1528.1	NFIX	NC_019865.2:29797442-29797942	13.20	tp	0
/mnt/c/Users/ethanshealy/Downloads/MA1528.1.meme	MA1528.1	NFIX	NC_019865.2:29797251-29797751	13.20	tp	0
/mnt/c/Users/ethanshealy/Downloads/MA1528.1.meme	MA1528.1	NFIX	NC_019865.2:29797440-29797940	13.20	tp	1
/mnt/c/Users/ethanshealy/Downloads/MA1528.1.meme	MA1528.1	NFIX	NC_019865.2:29797492-29797992	13.20	tp	1
/mnt/c/Users/ethanshealy/Downloads/MA1528.1.meme	MA1528.1	NFIX	NC_019859.2:26522489-26522989	13.19	fp	0
/mnt/c/Users/ethanshealy/Downloads/MA1528.1.meme	MA1528.1	NFIX	NC_019859.2:26505529-26506029	13.19	fp	0
/mnt/c/Users/ethanshealy/Downloads/MA1528.1.meme	MA1528.1	NFIX	NC_019859.2:26505950-26506450	13.19	fp	0
/mnt/c/Users/ethanshealy/Downloads/MA1528.1.meme	MA1528.1	NFIX	NC_019859.2:26522681-26523181	13.19	fp	0
/mnt/c/Users/ethanshealy/Downloads/MA1528.1.meme	MA1528.1	NFIX	NC_019859.2:26505622-26506122	13.19	fp	0
/mnt/c/Users/ethanshealy/Downloads/MA1528.1.meme	MA1528.1	NFIX	NC_019859.2:26513896-26514396	13.19	fp	0
/mnt/c/Users/ethanshealy/Downloads/MA1528.1.meme	MA1528.1	NFIX	NC_019859.2:26505569-26506069	13.19	fp	0
/mnt/c/Users/ethanshealy/Downloads/MA1528.1.meme	MA1528.1	NFIX	NC_019859.2:26513139-26513639	13.19	fp	1
/mnt/c/Users/ethanshealy/Downloads/MA1528.1.meme	MA1528.1	NFIX	NC_019872.2:17355194-17355694	13.18	tp	0
/mnt/c/Users/ethanshealy/Downloads/MA1528.1.meme	MA1528.1	NFIX	NC_019868.2:6502779-6503279	13.17	fp	0
/mnt/c/Users/ethanshealy/Downloads/MA1528.1.meme	MA1528.1	NFIX	NC_019868.2:6502504-6503004	13.17	fp	0
/mnt/c/Users/ethanshealy/Downloads/MA1528.1.meme	MA1528.1	NFIX	NC_019872.2:17333542-17334042	13.17	tp	0
/mnt/c/Users/ethanshealy/Downloads/MA1528.1.meme	MA1528.1	NFIX	NC_019872.2:17333553-17334053	13.17	tp	0
/mnt/c/Users/ethanshealy/Downloads/MA1528.1.meme	MA1528.1	NFIX	NC_019872.2:17333595-17334095	13.17	tp	0
/mnt/c/Users/ethanshealy/Downloads/MA1528.1.meme	MA1528.1	NFIX	NC_019872.2:17333573-17334073	13.17	tp	0
/mnt/c/Users/ethanshealy/Downloads/MA1528.1.meme	MA1528.1	NFIX	NC_019872.2:17333498-17333998	13.17	tp	0
/mnt/c/Users/ethanshealy/Downloads/MA1528.1.meme	MA1528.1	NFIX	NC_019876.2:12971585-12972085	13.15	tp	0
/mnt/c/Users/ethanshealy/Downloads/MA1528.1.meme	MA1528.1	NFIX	NC_019876.2:6177279-6177779	13.15	tp	0
/mnt/c/Users/ethanshealy/Downloads/MA1528.1.meme	MA1528.1	NFIX	NC_019860.2:17051876-17052376	13.14	tp	0
/mnt/c/Users/ethanshealy/Downloads/MA1528.1.meme	MA1528.1	NFIX	NC_019860.2:17052110-17052610	13.14	tp	0
/mnt/c/Users/ethanshealy/Downloads/MA1528.1.meme	MA1528.1	NFIX	NC_019860.2:17051873-17052373	13.14	tp	0
/mnt/c/Users/ethanshealy/Downloads/MA1528.1.meme	MA1528.1	NFIX	NC_019860.2:17052071-17052571	13.14	tp	1
/mnt/c/Users/ethanshealy/Downloads/MA1528.1.meme	MA1528.1	NFIX	NC_019860.2:17051778-17052278	13.14	tp	1
/mnt/c/Users/ethanshealy/Downloads/MA1528.1.meme	MA1528.1	NFIX	NC_019864.2:5699193-5699693	13.13	fp	0
/mnt/c/Users/ethanshealy/Downloads/MA1528.1.meme	MA1528.1	NFIX	NC_019864.2:5699281-5699781	13.13	fp	0
/mnt/c/Users/ethanshealy/Downloads/MA1528.1.meme	MA1528.1	NFIX	NC_019865.2:30696997-30697497	13.12	tp	0
/mnt/c/Users/ethanshealy/Downloads/MA1528.1.meme	MA1528.1	NFIX	NC_019880.2:769808-770308	13.12	fp	0
/mnt/c/Users/ethanshealy/Downloads/MA1528.1.meme	MA1528.1	NFIX	NC_019870.2:693720-694220	13.12	fp	0
/mnt/c/Users/ethanshealy/Downloads/MA1528.1.meme	MA1528.1	NFIX	NC_019864.2:24523481-24523981	13.11	tp	0
/mnt/c/Users/ethanshealy/Downloads/MA1528.1.meme	MA1528.1	NFIX	NC_019864.2:24523462-24523962	13.11	tp	0
/mnt/c/Users/ethanshealy/Downloads/MA1528.1.meme	MA1528.1	NFIX	NC_019864.2:24523478-24523978	13.11	tp	1
/mnt/c/Users/ethanshealy/Downloads/MA1528.1.meme	MA1528.1	NFIX	NC_019860.2:17799254-17799754	13.11	tp	0
/mnt/c/Users/ethanshealy/Downloads/MA1528.1.meme	MA1528.1	NFIX	NC_019860.2:17799257-17799757	13.11	tp	0
/mnt/c/Users/ethanshealy/Downloads/MA1528.1.meme	MA1528.1	NFIX	NC_019870.2:28787920-28788420	13.10	tp	0
/mnt/c/Users/ethanshealy/Downloads/MA1528.1.meme	MA1528.1	NFIX	NC_019870.2:28787885-28788385	13.10	tp	0
/mnt/c/Users/ethanshealy/Downloads/MA1528.1.meme	MA1528.1	NFIX	NC_019870.2:28787901-28788401	13.10	tp	0
/mnt/c/Users/ethanshealy/Downloads/MA1528.1.meme	MA1528.1	NFIX	NC_019870.2:28787779-28788279	13.10	tp	0
/mnt/c/Users/ethanshealy/Downloads/MA1528.1.meme	MA1528.1	NFIX	NC_019872.2:24737454-24737954	13.09	fp	0
/mnt/c/Users/ethanshealy/Downloads/MA1528.1.meme	MA1528.1	NFIX	NC_019874.2:7438137-7438637	13.09	tp	0
/mnt/c/Users/ethanshealy/Downloads/MA1528.1.meme	MA1528.1	NFIX	NC_019879.2:9251121-9251621	13.07	tp	0
/mnt/c/Users/ethanshealy/Downloads/MA1528.1.meme	MA1528.1	NFIX	NC_019874.2:404814-405314	13.06	fp	0
/mnt/c/Users/ethanshealy/Downloads/MA1528.1.meme	MA1528.1	NFIX	NC_019870.2:6837127-6837627	13.06	tp	0
/mnt/c/Users/ethanshealy/Downloads/MA1528.1.meme	MA1528.1	NFIX	NC_019862.2:18044534-18045034	13.06	tp	0
/mnt/c/Users/ethanshealy/Downloads/MA1528.1.meme	MA1528.1	NFIX	NC_019862.2:25919740-25920240	13.06	tp	0
/mnt/c/Users/ethanshealy/Downloads/MA1528.1.meme	MA1528.1	NFIX	NC_019876.2:20512883-20513383	13.06	tp	0
/mnt/c/Users/ethanshealy/Downloads/MA1528.1.meme	MA1528.1	NFIX	NC_019862.2:18044520-18045020	13.06	tp	0
/mnt/c/Users/ethanshealy/Downloads/MA1528.1.meme	MA1528.1	NFIX	NC_019865.2:31594904-31595404	13.06	tp	0
/mnt/c/Users/ethanshealy/Downloads/MA1528.1.meme	MA1528.1	NFIX	NC_019865.2:27946838-27947338	13.06	tp	0
/mnt/c/Users/ethanshealy/Downloads/MA1528.1.meme	MA1528.1	NFIX	NC_019865.2:24139843-24140343	13.06	tp	0
/mnt/c/Users/ethanshealy/Downloads/MA1528.1.meme	MA1528.1	NFIX	NC_019864.2:20071801-20072301	13.06	tp	0
/mnt/c/Users/ethanshealy/Downloads/MA1528.1.meme	MA1528.1	NFIX	NC_019863.2:10915811-10916311	13.06	tp	0
/mnt/c/Users/ethanshealy/Downloads/MA1528.1.meme	MA1528.1	NFIX	NC_019866.2:17450498-17450998	13.06	tp	0
/mnt/c/Users/ethanshealy/Downloads/MA1528.1.meme	MA1528.1	NFIX	NC_019866.2:17450510-17451010	13.06	tp	0
/mnt/c/Users/ethanshealy/Downloads/MA1528.1.meme	MA1528.1	NFIX	NC_019877.2:6576841-6577341	13.06	tp	0
/mnt/c/Users/ethanshealy/Downloads/MA1528.1.meme	MA1528.1	NFIX	NC_019865.2:24139855-24140355	13.06	tp	0
/mnt/c/Users/ethanshealy/Downloads/MA1528.1.meme	MA1528.1	NFIX	NC_019878.2:2191963-2192463	13.06	tp	0
/mnt/c/Users/ethanshealy/Downloads/MA1528.1.meme	MA1528.1	NFIX	NC_019862.2:18044227-18044727	13.06	tp	0
/mnt/c/Users/ethanshealy/Downloads/MA1528.1.meme	MA1528.1	NFIX	NC_019863.2:10915823-10916323	13.06	tp	0
/mnt/c/Users/ethanshealy/Downloads/MA1528.1.meme	MA1528.1	NFIX	NC_019874.2:13198101-13198601	13.06	tp	0
/mnt/c/Users/ethanshealy/Downloads/MA1528.1.meme	MA1528.1	NFIX	NC_019881.2:24371266-24371766	13.06	tp	0
/mnt/c/Users/ethanshealy/Downloads/MA1528.1.meme	MA1528.1	NFIX	NC_019862.2:25919752-25920252	13.06	tp	0
/mnt/c/Users/ethanshealy/Downloads/MA1528.1.meme	MA1528.1	NFIX	NC_019862.2:18044543-18045043	13.06	tp	0
/mnt/c/Users/ethanshealy/Downloads/MA1528.1.meme	MA1528.1	NFIX	NC_019879.2:4058470-4058970	13.06	tp	0
/mnt/c/Users/ethanshealy/Downloads/MA1528.1.meme	MA1528.1	NFIX	NC_019881.2:9414374-9414874	13.06	tp	0
/mnt/c/Users/ethanshealy/Downloads/MA1528.1.meme	MA1528.1	NFIX	NC_019862.2:19032862-19033362	13.06	tp	0
/mnt/c/Users/ethanshealy/Downloads/MA1528.1.meme	MA1528.1	NFIX	NC_019865.2:27946850-27947350	13.06	tp	0
/mnt/c/Users/ethanshealy/Downloads/MA1528.1.meme	MA1528.1	NFIX	NC_019862.2:19032850-19033350	13.06	tp	0
/mnt/c/Users/ethanshealy/Downloads/MA1528.1.meme	MA1528.1	NFIX	NC_019864.2:20071813-20072313	13.06	tp	0
/mnt/c/Users/ethanshealy/Downloads/MA1528.1.meme	MA1528.1	NFIX	NC_019862.2:19031750-19032250	13.06	tp	0
/mnt/c/Users/ethanshealy/Downloads/MA1528.1.meme	MA1528.1	NFIX	NC_019877.2:18489921-18490421	13.06	fp	0
/mnt/c/Users/ethanshealy/Downloads/MA1528.1.meme	MA1528.1	NFIX	NC_019865.2:3296302-3296802	13.06	fp	0
/mnt/c/Users/ethanshealy/Downloads/MA1528.1.meme	MA1528.1	NFIX	NC_019882.2:9809942-9810442	13.06	fp	0
/mnt/c/Users/ethanshealy/Downloads/MA1528.1.meme	MA1528.1	NFIX	NC_019869.2:13984945-13985445	13.06	fp	0
/mnt/c/Users/ethanshealy/Downloads/MA1528.1.meme	MA1528.1	NFIX	NC_019873.2:8002097-8002597	13.06	fp	0
/mnt/c/Users/ethanshealy/Downloads/MA1528.1.meme	MA1528.1	NFIX	NC_019875.2:377081-377581	13.06	fp	0
/mnt/c/Users/ethanshealy/Downloads/MA1528.1.meme	MA1528.1	NFIX	NC_019873.2:8000842-8001342	13.06	fp	0
/mnt/c/Users/ethanshealy/Downloads/MA1528.1.meme	MA1528.1	NFIX	NC_019863.2:10915671-10916171	13.06	fp	0
/mnt/c/Users/ethanshealy/Downloads/MA1528.1.meme	MA1528.1	NFIX	NC_019876.2:16088215-16088715	13.06	fp	0
/mnt/c/Users/ethanshealy/Downloads/MA1528.1.meme	MA1528.1	NFIX	NC_019862.2:20176077-20176577	13.06	fp	0
/mnt/c/Users/ethanshealy/Downloads/MA1528.1.meme	MA1528.1	NFIX	NC_019874.2:24482186-24482686	13.06	fp	0
/mnt/c/Users/ethanshealy/Downloads/MA1528.1.meme	MA1528.1	NFIX	NC_019860.2:22256050-22256550	13.06	fp	0
/mnt/c/Users/ethanshealy/Downloads/MA1528.1.meme	MA1528.1	NFIX	NC_019876.2:16088034-16088534	13.06	fp	0
/mnt/c/Users/ethanshealy/Downloads/MA1528.1.meme	MA1528.1	NFIX	NC_019879.2:5952453-5952953	13.06	fp	0
/mnt/c/Users/ethanshealy/Downloads/MA1528.1.meme	MA1528.1	NFIX	NC_019863.2:10915890-10916390	13.06	fp	0
/mnt/c/Users/ethanshealy/Downloads/MA1528.1.meme	MA1528.1	NFIX	NC_019860.2:5205301-5205801	13.06	fp	0
/mnt/c/Users/ethanshealy/Downloads/MA1528.1.meme	MA1528.1	NFIX	NC_019878.2:23799726-23800226	13.06	fp	0
/mnt/c/Users/ethanshealy/Downloads/MA1528.1.meme	MA1528.1	NFIX	NC_019865.2:24536330-24536830	13.06	fp	0
/mnt/c/Users/ethanshealy/Downloads/MA1528.1.meme	MA1528.1	NFIX	NC_019874.2:13198285-13198785	13.06	fp	0
/mnt/c/Users/ethanshealy/Downloads/MA1528.1.meme	MA1528.1	NFIX	NC_019865.2:3296401-3296901	13.06	fp	0
/mnt/c/Users/ethanshealy/Downloads/MA1528.1.meme	MA1528.1	NFIX	NC_019881.2:18524828-18525328	13.06	fp	0
/mnt/c/Users/ethanshealy/Downloads/MA1528.1.meme	MA1528.1	NFIX	NC_019863.2:10915582-10916082	13.06	fp	0
/mnt/c/Users/ethanshealy/Downloads/MA1528.1.meme	MA1528.1	NFIX	NC_019862.2:20176166-20176666	13.06	fp	0
/mnt/c/Users/ethanshealy/Downloads/MA1528.1.meme	MA1528.1	NFIX	NC_019859.2:7347991-7348491	13.06	fp	0
/mnt/c/Users/ethanshealy/Downloads/MA1528.1.meme	MA1528.1	NFIX	NC_019869.2:13983900-13984400	13.06	fp	0
/mnt/c/Users/ethanshealy/Downloads/MA1528.1.meme	MA1528.1	NFIX	NC_019864.2:20071715-20072215	13.06	fp	0
/mnt/c/Users/ethanshealy/Downloads/MA1528.1.meme	MA1528.1	NFIX	NC_019881.2:9414195-9414695	13.06	fp	0
/mnt/c/Users/ethanshealy/Downloads/MA1528.1.meme	MA1528.1	NFIX	NC_019859.2:33883196-33883696	13.06	fp	0
/mnt/c/Users/ethanshealy/Downloads/MA1528.1.meme	MA1528.1	NFIX	NC_019875.2:28908123-28908623	13.06	fp	0
/mnt/c/Users/ethanshealy/Downloads/MA1528.1.meme	MA1528.1	NFIX	NC_019877.2:6577025-6577525	13.06	fp	0
/mnt/c/Users/ethanshealy/Downloads/MA1528.1.meme	MA1528.1	NFIX	NC_019863.2:29863770-29864270	13.06	fp	0
/mnt/c/Users/ethanshealy/Downloads/MA1528.1.meme	MA1528.1	NFIX	NC_019875.2:377125-377625	13.06	fp	0
/mnt/c/Users/ethanshealy/Downloads/MA1528.1.meme	MA1528.1	NFIX	NC_019874.2:13198087-13198587	13.06	tp	1
/mnt/c/Users/ethanshealy/Downloads/MA1528.1.meme	MA1528.1	NFIX	NC_019873.2:8000972-8001472	13.06	tp	1
/mnt/c/Users/ethanshealy/Downloads/MA1528.1.meme	MA1528.1	NFIX	NC_019869.2:15915174-15915674	13.06	tp	1
/mnt/c/Users/ethanshealy/Downloads/MA1528.1.meme	MA1528.1	NFIX	NC_019874.2:13198397-13198897	13.06	tp	1
/mnt/c/Users/ethanshealy/Downloads/MA1528.1.meme	MA1528.1	NFIX	NC_019869.2:15915162-15915662	13.06	tp	1
/mnt/c/Users/ethanshealy/Downloads/MA1528.1.meme	MA1528.1	NFIX	NC_019874.2:24482100-24482600	13.06	fp	1
/mnt/c/Users/ethanshealy/Downloads/MA1528.1.meme	MA1528.1	NFIX	NC_019866.2:17450577-17451077	13.06	fp	1
/mnt/c/Users/ethanshealy/Downloads/MA1528.1.meme	MA1528.1	NFIX	NC_019869.2:12665824-12666324	13.05	tp	0
/mnt/c/Users/ethanshealy/Downloads/MA1528.1.meme	MA1528.1	NFIX	NC_019875.2:1269008-1269508	13.04	tp	0
/mnt/c/Users/ethanshealy/Downloads/MA1528.1.meme	MA1528.1	NFIX	NC_019859.2:12093209-12093709	13.03	fp	0
/mnt/c/Users/ethanshealy/Downloads/MA1528.1.meme	MA1528.1	NFIX	NC_019877.2:20052728-20053228	13.03	fp	0
/mnt/c/Users/ethanshealy/Downloads/MA1528.1.meme	MA1528.1	NFIX	NC_019865.2:29328580-29329080	13.03	fp	0
/mnt/c/Users/ethanshealy/Downloads/MA1528.1.meme	MA1528.1	NFIX	NC_019873.2:6125835-6126335	13.03	fp	1
/mnt/c/Users/ethanshealy/Downloads/MA1528.1.meme	MA1528.1	NFIX	NC_019864.2:12381901-12382401	13.02	tp	0
/mnt/c/Users/ethanshealy/Downloads/MA1528.1.meme	MA1528.1	NFIX	NC_019864.2:12381904-12382404	13.02	tp	0
/mnt/c/Users/ethanshealy/Downloads/MA1528.1.meme	MA1528.1	NFIX	NC_019882.2:4691520-4692020	13.02	tp	0
/mnt/c/Users/ethanshealy/Downloads/MA1528.1.meme	MA1528.1	NFIX	NC_019866.2:204008-204508	13.00	fp	0
/mnt/c/Users/ethanshealy/Downloads/MA1528.1.meme	MA1528.1	NFIX	NC_019866.2:203962-204462	13.00	fp	0
/mnt/c/Users/ethanshealy/Downloads/MA1528.1.meme	MA1528.1	NFIX	NC_019880.2:28958796-28959296	12.98	tp	0
/mnt/c/Users/ethanshealy/Downloads/MA1528.1.meme	MA1528.1	NFIX	NC_019869.2:26009571-26010071	12.98	tp	0
/mnt/c/Users/ethanshealy/Downloads/MA1528.1.meme	MA1528.1	NFIX	NC_019879.2:24692483-24692983	12.98	fp	0
/mnt/c/Users/ethanshealy/Downloads/MA1528.1.meme	MA1528.1	NFIX	NC_019875.2:20642344-20642844	12.97	tp	0
/mnt/c/Users/ethanshealy/Downloads/MA1528.1.meme	MA1528.1	NFIX	NC_019882.2:11425953-11426453	12.96	tp	0
/mnt/c/Users/ethanshealy/Downloads/MA1528.1.meme	MA1528.1	NFIX	NC_019882.2:11425924-11426424	12.96	tp	0
/mnt/c/Users/ethanshealy/Downloads/MA1528.1.meme	MA1528.1	NFIX	NC_019879.2:8765707-8766207	12.96	fp	0
/mnt/c/Users/ethanshealy/Downloads/MA1528.1.meme	MA1528.1	NFIX	NC_019879.2:8765610-8766110	12.96	fp	1
/mnt/c/Users/ethanshealy/Downloads/MA1528.1.meme	MA1528.1	NFIX	NC_019878.2:20941607-20942107	12.95	tp	0
/mnt/c/Users/ethanshealy/Downloads/MA1528.1.meme	MA1528.1	NFIX	NC_019881.2:6515622-6516122	12.95	tp	0
/mnt/c/Users/ethanshealy/Downloads/MA1528.1.meme	MA1528.1	NFIX	NC_019879.2:28787713-28788213	12.95	tp	0
/mnt/c/Users/ethanshealy/Downloads/MA1528.1.meme	MA1528.1	NFIX	NC_019879.2:1179295-1179795	12.95	tp	0
/mnt/c/Users/ethanshealy/Downloads/MA1528.1.meme	MA1528.1	NFIX	NC_019863.2:17025567-17026067	12.94	tp	0
/mnt/c/Users/ethanshealy/Downloads/MA1528.1.meme	MA1528.1	NFIX	NC_019863.2:17025525-17026025	12.94	tp	0
/mnt/c/Users/ethanshealy/Downloads/MA1528.1.meme	MA1528.1	NFIX	NC_019867.2:20987548-20988048	12.94	tp	0
/mnt/c/Users/ethanshealy/Downloads/MA1528.1.meme	MA1528.1	NFIX	NC_019869.2:7540628-7541128	12.93	tp	0
/mnt/c/Users/ethanshealy/Downloads/MA1528.1.meme	MA1528.1	NFIX	NC_019880.2:12436583-12437083	12.93	tp	0
/mnt/c/Users/ethanshealy/Downloads/MA1528.1.meme	MA1528.1	NFIX	NC_019873.2:29052933-29053433	12.93	tp	0
/mnt/c/Users/ethanshealy/Downloads/MA1528.1.meme	MA1528.1	NFIX	NC_019873.2:29052958-29053458	12.93	tp	0
/mnt/c/Users/ethanshealy/Downloads/MA1528.1.meme	MA1528.1	NFIX	NC_019873.2:29052941-29053441	12.93	tp	0
/mnt/c/Users/ethanshealy/Downloads/MA1528.1.meme	MA1528.1	NFIX	NC_019871.2:24146892-24147392	12.92	fp	0
/mnt/c/Users/ethanshealy/Downloads/MA1528.1.meme	MA1528.1	NFIX	NC_019871.2:28488268-28488768	12.92	fp	0
/mnt/c/Users/ethanshealy/Downloads/MA1528.1.meme	MA1528.1	NFIX	NC_019875.2:2195412-2195912	12.92	fp	0
/mnt/c/Users/ethanshealy/Downloads/MA1528.1.meme	MA1528.1	NFIX	NC_019871.2:737762-738262	12.92	tp	0
/mnt/c/Users/ethanshealy/Downloads/MA1528.1.meme	MA1528.1	NFIX	NC_019866.2:23011584-23012084	12.90	fp	0
/mnt/c/Users/ethanshealy/Downloads/MA1528.1.meme	MA1528.1	NFIX	NC_019870.2:737767-738267	12.89	fp	0
/mnt/c/Users/ethanshealy/Downloads/MA1528.1.meme	MA1528.1	NFIX	NC_019870.2:737620-738120	12.89	fp	0
/mnt/c/Users/ethanshealy/Downloads/MA1528.1.meme	MA1528.1	NFIX	NC_019871.2:3721974-3722474	12.87	tp	0
/mnt/c/Users/ethanshealy/Downloads/MA1528.1.meme	MA1528.1	NFIX	NC_019879.2:26210298-26210798	12.84	tp	0
/mnt/c/Users/ethanshealy/Downloads/MA1528.1.meme	MA1528.1	NFIX	NC_019879.2:26210317-26210817	12.84	tp	0
/mnt/c/Users/ethanshealy/Downloads/MA1528.1.meme	MA1528.1	NFIX	NC_019879.2:26210259-26210759	12.84	tp	0
/mnt/c/Users/ethanshealy/Downloads/MA1528.1.meme	MA1528.1	NFIX	NC_019868.2:924649-925149	12.83	tp	0
/mnt/c/Users/ethanshealy/Downloads/MA1528.1.meme	MA1528.1	NFIX	NC_019861.2:18695342-18695842	12.82	tp	0
/mnt/c/Users/ethanshealy/Downloads/MA1528.1.meme	MA1528.1	NFIX	NC_019868.2:23654680-23655180	12.81	tp	0
/mnt/c/Users/ethanshealy/Downloads/MA1528.1.meme	MA1528.1	NFIX	NC_019880.2:4510041-4510541	12.81	tp	0
/mnt/c/Users/ethanshealy/Downloads/MA1528.1.meme	MA1528.1	NFIX	NC_019861.2:19017-19517	12.81	fp	0
/mnt/c/Users/ethanshealy/Downloads/MA1528.1.meme	MA1528.1	NFIX	NC_019874.2:1732824-1733324	12.80	tp	0
/mnt/c/Users/ethanshealy/Downloads/MA1528.1.meme	MA1528.1	NFIX	NC_019877.2:25337052-25337552	12.79	tp	0
/mnt/c/Users/ethanshealy/Downloads/MA1528.1.meme	MA1528.1	NFIX	NC_019877.2:25337069-25337569	12.79	tp	0
/mnt/c/Users/ethanshealy/Downloads/MA1528.1.meme	MA1528.1	NFIX	NC_019862.2:14826150-14826650	12.79	tp	0
/mnt/c/Users/ethanshealy/Downloads/MA1528.1.meme	MA1528.1	NFIX	NC_019880.2:23715260-23715760	12.77	fp	0
/mnt/c/Users/ethanshealy/Downloads/MA1528.1.meme	MA1528.1	NFIX	NC_019878.2:25510304-25510804	12.77	fp	0
/mnt/c/Users/ethanshealy/Downloads/MA1528.1.meme	MA1528.1	NFIX	NC_019874.2:22057350-22057850	12.76	fp	0
/mnt/c/Users/ethanshealy/Downloads/MA1528.1.meme	MA1528.1	NFIX	NC_019866.2:12662816-12663316	12.76	fp	0
/mnt/c/Users/ethanshealy/Downloads/MA1528.1.meme	MA1528.1	NFIX	NC_019874.2:22057417-22057917	12.76	fp	0
/mnt/c/Users/ethanshealy/Downloads/MA1528.1.meme	MA1528.1	NFIX	NC_019866.2:12662858-12663358	12.76	fp	0
/mnt/c/Users/ethanshealy/Downloads/MA1528.1.meme	MA1528.1	NFIX	NC_019877.2:16363958-16364458	12.76	tp	0
/mnt/c/Users/ethanshealy/Downloads/MA1528.1.meme	MA1528.1	NFIX	NC_019877.2:16363946-16364446	12.76	tp	0
/mnt/c/Users/ethanshealy/Downloads/MA1528.1.meme	MA1528.1	NFIX	NC_019859.2:5293333-5293833	12.76	tp	0
/mnt/c/Users/ethanshealy/Downloads/MA1528.1.meme	MA1528.1	NFIX	NC_019876.2:14111782-14112282	12.75	fp	0
/mnt/c/Users/ethanshealy/Downloads/MA1528.1.meme	MA1528.1	NFIX	NC_019876.2:11872855-11873355	12.74	fp	0
/mnt/c/Users/ethanshealy/Downloads/MA1528.1.meme	MA1528.1	NFIX	NC_019880.2:14448942-14449442	12.74	fp	0
/mnt/c/Users/ethanshealy/Downloads/MA1528.1.meme	MA1528.1	NFIX	NC_019875.2:10373653-10374153	12.73	fp	0
/mnt/c/Users/ethanshealy/Downloads/MA1528.1.meme	MA1528.1	NFIX	NC_019878.2:1653638-1654138	12.72	tp	0
/mnt/c/Users/ethanshealy/Downloads/MA1528.1.meme	MA1528.1	NFIX	NC_019873.2:5121582-5122082	12.70	tp	0
/mnt/c/Users/ethanshealy/Downloads/MA1528.1.meme	MA1528.1	NFIX	NC_019873.2:5121626-5122126	12.70	tp	0
/mnt/c/Users/ethanshealy/Downloads/MA1528.1.meme	MA1528.1	NFIX	NC_019873.2:5121569-5122069	12.70	tp	0
/mnt/c/Users/ethanshealy/Downloads/MA1528.1.meme	MA1528.1	NFIX	NC_019868.2:4509976-4510476	12.69	tp	0
/mnt/c/Users/ethanshealy/Downloads/MA1528.1.meme	MA1528.1	NFIX	NC_019873.2:30098049-30098549	12.69	fp	0
/mnt/c/Users/ethanshealy/Downloads/MA1528.1.meme	MA1528.1	NFIX	NC_019882.2:21710789-21711289	12.65	tp	0
/mnt/c/Users/ethanshealy/Downloads/MA1528.1.meme	MA1528.1	NFIX	NC_019870.2:5438065-5438565	12.65	tp	0
/mnt/c/Users/ethanshealy/Downloads/MA1528.1.meme	MA1528.1	NFIX	NC_019877.2:24349489-24349989	12.65	fp	0
/mnt/c/Users/ethanshealy/Downloads/MA1528.1.meme	MA1528.1	NFIX	NC_019873.2:12601828-12602328	12.64	tp	0
/mnt/c/Users/ethanshealy/Downloads/MA1528.1.meme	MA1528.1	NFIX	NC_019862.2:29528086-29528586	12.63	tp	0
/mnt/c/Users/ethanshealy/Downloads/MA1528.1.meme	MA1528.1	NFIX	NC_019862.2:29528264-29528764	12.63	tp	0
/mnt/c/Users/ethanshealy/Downloads/MA1528.1.meme	MA1528.1	NFIX	NC_019862.2:29528250-29528750	12.63	tp	0
/mnt/c/Users/ethanshealy/Downloads/MA1528.1.meme	MA1528.1	NFIX	NC_019882.2:7765218-7765718	12.63	tp	0
/mnt/c/Users/ethanshealy/Downloads/MA1528.1.meme	MA1528.1	NFIX	NC_019882.2:7765260-7765760	12.63	tp	1
/mnt/c/Users/ethanshealy/Downloads/MA1528.1.meme	MA1528.1	NFIX	NC_019877.2:7150256-7150756	12.63	fp	0
/mnt/c/Users/ethanshealy/Downloads/MA1528.1.meme	MA1528.1	NFIX	NC_019868.2:12416937-12417437	12.63	tp	0
/mnt/c/Users/ethanshealy/Downloads/MA1528.1.meme	MA1528.1	NFIX	NC_019870.2:20058267-20058767	12.63	fp	0
/mnt/c/Users/ethanshealy/Downloads/MA1528.1.meme	MA1528.1	NFIX	NC_019862.2:25182177-25182677	12.62	fp	0
/mnt/c/Users/ethanshealy/Downloads/MA1528.1.meme	MA1528.1	NFIX	NC_019869.2:22979390-22979890	12.61	tp	0
/mnt/c/Users/ethanshealy/Downloads/MA1528.1.meme	MA1528.1	NFIX	NC_019870.2:26177864-26178364	12.61	tp	0
/mnt/c/Users/ethanshealy/Downloads/MA1528.1.meme	MA1528.1	NFIX	NC_019861.2:30571652-30572152	12.60	fp	0
/mnt/c/Users/ethanshealy/Downloads/MA1528.1.meme	MA1528.1	NFIX	NC_019861.2:30571435-30571935	12.60	fp	0
/mnt/c/Users/ethanshealy/Downloads/MA1528.1.meme	MA1528.1	NFIX	NC_019879.2:12292950-12293450	12.60	tp	0
/mnt/c/Users/ethanshealy/Downloads/MA1528.1.meme	MA1528.1	NFIX	NC_019864.2:4025742-4026242	12.59	tp	0
/mnt/c/Users/ethanshealy/Downloads/MA1528.1.meme	MA1528.1	NFIX	NC_019870.2:9580612-9581112	12.59	fp	0
/mnt/c/Users/ethanshealy/Downloads/MA1528.1.meme	MA1528.1	NFIX	NC_019864.2:5018904-5019404	12.58	tp	0
/mnt/c/Users/ethanshealy/Downloads/MA1528.1.meme	MA1528.1	NFIX	NC_019864.2:5018946-5019446	12.58	tp	0
/mnt/c/Users/ethanshealy/Downloads/MA1528.1.meme	MA1528.1	NFIX	NC_019881.2:4876119-4876619	12.58	tp	1
/mnt/c/Users/ethanshealy/Downloads/MA1528.1.meme	MA1528.1	NFIX	NC_019859.2:35019724-35020224	12.57	fp	0
/mnt/c/Users/ethanshealy/Downloads/MA1528.1.meme	MA1528.1	NFIX	NC_019870.2:18484223-18484723	12.57	tp	0
/mnt/c/Users/ethanshealy/Downloads/MA1528.1.meme	MA1528.1	NFIX	NC_019879.2:15406907-15407407	12.57	fp	0
/mnt/c/Users/ethanshealy/Downloads/MA1528.1.meme	MA1528.1	NFIX	NC_019877.2:20379044-20379544	12.56	fp	0
/mnt/c/Users/ethanshealy/Downloads/MA1528.1.meme	MA1528.1	NFIX	NC_019875.2:23444072-23444572	12.54	tp	0
/mnt/c/Users/ethanshealy/Downloads/MA1528.1.meme	MA1528.1	NFIX	NC_019870.2:9264057-9264557	12.54	tp	0
/mnt/c/Users/ethanshealy/Downloads/MA1528.1.meme	MA1528.1	NFIX	NC_019882.2:14977449-14977949	12.54	tp	0
/mnt/c/Users/ethanshealy/Downloads/MA1528.1.meme	MA1528.1	NFIX	NC_019878.2:6554800-6555300	12.54	fp	0
/mnt/c/Users/ethanshealy/Downloads/MA1528.1.meme	MA1528.1	NFIX	NC_019878.2:6554750-6555250	12.54	fp	0
/mnt/c/Users/ethanshealy/Downloads/MA1528.1.meme	MA1528.1	NFIX	NC_019867.2:29782860-29783360	12.53	tp	0
/mnt/c/Users/ethanshealy/Downloads/MA1528.1.meme	MA1528.1	NFIX	NC_019878.2:5419658-5420158	12.53	fp	0
/mnt/c/Users/ethanshealy/Downloads/MA1528.1.meme	MA1528.1	NFIX	NC_019877.2:17041733-17042233	12.53	fp	0
/mnt/c/Users/ethanshealy/Downloads/MA1528.1.meme	MA1528.1	NFIX	NC_019878.2:5454915-5455415	12.53	fp	0
/mnt/c/Users/ethanshealy/Downloads/MA1528.1.meme	MA1528.1	NFIX	NC_019867.2:29782825-29783325	12.53	tp	1
/mnt/c/Users/ethanshealy/Downloads/MA1528.1.meme	MA1528.1	NFIX	NC_019860.2:2717405-2717905	12.52	tp	0
/mnt/c/Users/ethanshealy/Downloads/MA1528.1.meme	MA1528.1	NFIX	NC_019860.2:2717438-2717938	12.52	tp	0
/mnt/c/Users/ethanshealy/Downloads/MA1528.1.meme	MA1528.1	NFIX	NC_019860.2:2717426-2717926	12.52	tp	1
/mnt/c/Users/ethanshealy/Downloads/MA1528.1.meme	MA1528.1	NFIX	NC_019865.2:3679753-3680253	12.51	tp	1
/mnt/c/Users/ethanshealy/Downloads/MA1528.1.meme	MA1528.1	NFIX	NC_019869.2:17822567-17823067	12.51	tp	0
/mnt/c/Users/ethanshealy/Downloads/MA1528.1.meme	MA1528.1	NFIX	NC_019865.2:7800763-7801263	12.49	fp	1
/mnt/c/Users/ethanshealy/Downloads/MA1528.1.meme	MA1528.1	NFIX	NC_019872.2:13494456-13494956	12.46	fp	0
/mnt/c/Users/ethanshealy/Downloads/MA1528.1.meme	MA1528.1	NFIX	NC_019877.2:17994202-17994702	12.46	tp	0
/mnt/c/Users/ethanshealy/Downloads/MA1528.1.meme	MA1528.1	NFIX	NC_019877.2:17994210-17994710	12.46	tp	0
/mnt/c/Users/ethanshealy/Downloads/MA1528.1.meme	MA1528.1	NFIX	NC_019872.2:16964447-16964947	12.45	tp	0
/mnt/c/Users/ethanshealy/Downloads/MA1528.1.meme	MA1528.1	NFIX	NC_019877.2:1861904-1862404	12.44	fp	0
/mnt/c/Users/ethanshealy/Downloads/MA1528.1.meme	MA1528.1	NFIX	NC_019874.2:30998346-30998846	12.43	tp	0
/mnt/c/Users/ethanshealy/Downloads/MA1528.1.meme	MA1528.1	NFIX	NC_019874.2:30998371-30998871	12.43	tp	0
/mnt/c/Users/ethanshealy/Downloads/MA1528.1.meme	MA1528.1	NFIX	NC_019880.2:4543281-4543781	12.43	fp	0
/mnt/c/Users/ethanshealy/Downloads/MA1528.1.meme	MA1528.1	NFIX	NC_019861.2:14028387-14028887	12.42	tp	0
/mnt/c/Users/ethanshealy/Downloads/MA1528.1.meme	MA1528.1	NFIX	NC_019878.2:6494383-6494883	12.41	tp	0
/mnt/c/Users/ethanshealy/Downloads/MA1528.1.meme	MA1528.1	NFIX	NC_019878.2:6494339-6494839	12.41	tp	0
/mnt/c/Users/ethanshealy/Downloads/MA1528.1.meme	MA1528.1	NFIX	NC_019878.2:6494386-6494886	12.41	tp	0
/mnt/c/Users/ethanshealy/Downloads/MA1528.1.meme	MA1528.1	NFIX	NC_019871.2:29771603-29772103	12.40	tp	0
/mnt/c/Users/ethanshealy/Downloads/MA1528.1.meme	MA1528.1	NFIX	NC_019880.2:842552-843052	12.40	fp	0
/mnt/c/Users/ethanshealy/Downloads/MA1528.1.meme	MA1528.1	NFIX	NC_019875.2:18436459-18436959	12.39	tp	0
/mnt/c/Users/ethanshealy/Downloads/MA1528.1.meme	MA1528.1	NFIX	NC_019875.2:18436511-18437011	12.39	tp	0
/mnt/c/Users/ethanshealy/Downloads/MA1528.1.meme	MA1528.1	NFIX	NC_019875.2:18436491-18436991	12.39	tp	0
/mnt/c/Users/ethanshealy/Downloads/MA1528.1.meme	MA1528.1	NFIX	NC_019875.2:18436486-18436986	12.39	tp	0
/mnt/c/Users/ethanshealy/Downloads/MA1528.1.meme	MA1528.1	NFIX	NC_019862.2:26859736-26860236	12.39	tp	0
/mnt/c/Users/ethanshealy/Downloads/MA1528.1.meme	MA1528.1	NFIX	NC_019872.2:1317915-1318415	12.39	fp	0
/mnt/c/Users/ethanshealy/Downloads/MA1528.1.meme	MA1528.1	NFIX	NC_019872.2:1318125-1318625	12.39	fp	0
/mnt/c/Users/ethanshealy/Downloads/MA1528.1.meme	MA1528.1	NFIX	NC_019859.2:13838783-13839283	12.38	tp	1
/mnt/c/Users/ethanshealy/Downloads/MA1528.1.meme	MA1528.1	NFIX	NC_019863.2:2517891-2518391	12.38	tp	0
/mnt/c/Users/ethanshealy/Downloads/MA1528.1.meme	MA1528.1	NFIX	NC_019878.2:15105541-15106041	12.37	tp	0
/mnt/c/Users/ethanshealy/Downloads/MA1528.1.meme	MA1528.1	NFIX	NC_019876.2:17428595-17429095	12.37	tp	0
/mnt/c/Users/ethanshealy/Downloads/MA1528.1.meme	MA1528.1	NFIX	NC_019876.2:17428545-17429045	12.37	tp	0
/mnt/c/Users/ethanshealy/Downloads/MA1528.1.meme	MA1528.1	NFIX	NC_019876.2:17428602-17429102	12.37	tp	0
/mnt/c/Users/ethanshealy/Downloads/MA1528.1.meme	MA1528.1	NFIX	NC_019876.2:17428572-17429072	12.37	tp	0
/mnt/c/Users/ethanshealy/Downloads/MA1528.1.meme	MA1528.1	NFIX	NC_019881.2:167681-168181	12.37	tp	0
/mnt/c/Users/ethanshealy/Downloads/MA1528.1.meme	MA1528.1	NFIX	NC_019881.2:167674-168174	12.37	tp	0
/mnt/c/Users/ethanshealy/Downloads/MA1528.1.meme	MA1528.1	NFIX	NC_019865.2:25741047-25741547	12.35	tp	0
/mnt/c/Users/ethanshealy/Downloads/MA1528.1.meme	MA1528.1	NFIX	NC_019865.2:25741074-25741574	12.35	tp	0
/mnt/c/Users/ethanshealy/Downloads/MA1528.1.meme	MA1528.1	NFIX	NC_019881.2:6761720-6762220	12.34	tp	0
/mnt/c/Users/ethanshealy/Downloads/MA1528.1.meme	MA1528.1	NFIX	NC_019881.2:6761716-6762216	12.34	tp	0
/mnt/c/Users/ethanshealy/Downloads/MA1528.1.meme	MA1528.1	NFIX	NC_019881.2:6761802-6762302	12.34	tp	0
/mnt/c/Users/ethanshealy/Downloads/MA1528.1.meme	MA1528.1	NFIX	NC_019881.2:6761683-6762183	12.34	tp	0
/mnt/c/Users/ethanshealy/Downloads/MA1528.1.meme	MA1528.1	NFIX	NC_019881.2:6761444-6761944	12.34	tp	0
/mnt/c/Users/ethanshealy/Downloads/MA1528.1.meme	MA1528.1	NFIX	NC_019881.2:6761392-6761892	12.34	tp	0
/mnt/c/Users/ethanshealy/Downloads/MA1528.1.meme	MA1528.1	NFIX	NC_019881.2:6761432-6761932	12.34	tp	0
/mnt/c/Users/ethanshealy/Downloads/MA1528.1.meme	MA1528.1	NFIX	NC_019881.2:6761779-6762279	12.34	tp	0
/mnt/c/Users/ethanshealy/Downloads/MA1528.1.meme	MA1528.1	NFIX	NC_019881.2:6761571-6762071	12.34	tp	0
/mnt/c/Users/ethanshealy/Downloads/MA1528.1.meme	MA1528.1	NFIX	NC_019881.2:6761775-6762275	12.34	tp	0
/mnt/c/Users/ethanshealy/Downloads/MA1528.1.meme	MA1528.1	NFIX	NC_019881.2:6761823-6762323	12.34	tp	1
/mnt/c/Users/ethanshealy/Downloads/MA1528.1.meme	MA1528.1	NFIX	NC_019867.2:32418358-32418858	12.33	fp	0
/mnt/c/Users/ethanshealy/Downloads/MA1528.1.meme	MA1528.1	NFIX	NC_019881.2:22209957-22210457	12.33	tp	0
/mnt/c/Users/ethanshealy/Downloads/MA1528.1.meme	MA1528.1	NFIX	NC_019881.2:22209935-22210435	12.33	tp	0
/mnt/c/Users/ethanshealy/Downloads/MA1528.1.meme	MA1528.1	NFIX	NC_019864.2:26272899-26273399	12.32	tp	0
/mnt/c/Users/ethanshealy/Downloads/MA1528.1.meme	MA1528.1	NFIX	NC_019864.2:26272931-26273431	12.32	tp	1
/mnt/c/Users/ethanshealy/Downloads/MA1528.1.meme	MA1528.1	NFIX	NC_019881.2:6231000-6231500	12.31	tp	0
/mnt/c/Users/ethanshealy/Downloads/MA1528.1.meme	MA1528.1	NFIX	NC_019864.2:574302-574802	12.31	fp	0
/mnt/c/Users/ethanshealy/Downloads/MA1528.1.meme	MA1528.1	NFIX	NC_019859.2:21051850-21052350	12.31	fp	0
/mnt/c/Users/ethanshealy/Downloads/MA1528.1.meme	MA1528.1	NFIX	NC_019877.2:17857410-17857910	12.31	fp	0
/mnt/c/Users/ethanshealy/Downloads/MA1528.1.meme	MA1528.1	NFIX	NC_019861.2:7032716-7033216	12.31	fp	0
/mnt/c/Users/ethanshealy/Downloads/MA1528.1.meme	MA1528.1	NFIX	NC_019876.2:30715342-30715842	12.31	fp	0
/mnt/c/Users/ethanshealy/Downloads/MA1528.1.meme	MA1528.1	NFIX	NC_019882.2:7307540-7308040	12.30	tp	1
/mnt/c/Users/ethanshealy/Downloads/MA1528.1.meme	MA1528.1	NFIX	NC_019878.2:1283432-1283932	12.29	fp	0
/mnt/c/Users/ethanshealy/Downloads/MA1528.1.meme	MA1528.1	NFIX	NC_019870.2:24423610-24424110	12.29	fp	1
/mnt/c/Users/ethanshealy/Downloads/MA1528.1.meme	MA1528.1	NFIX	NC_019865.2:3258161-3258661	12.29	fp	0
/mnt/c/Users/ethanshealy/Downloads/MA1528.1.meme	MA1528.1	NFIX	NC_019861.2:17046968-17047468	12.29	fp	0
/mnt/c/Users/ethanshealy/Downloads/MA1528.1.meme	MA1528.1	NFIX	NC_019881.2:16861252-16861752	12.29	tp	0
/mnt/c/Users/ethanshealy/Downloads/MA1528.1.meme	MA1528.1	NFIX	NC_019859.2:29260452-29260952	12.28	fp	0
/mnt/c/Users/ethanshealy/Downloads/MA1528.1.meme	MA1528.1	NFIX	NC_019875.2:31200660-31201160	12.28	fp	0
/mnt/c/Users/ethanshealy/Downloads/MA1528.1.meme	MA1528.1	NFIX	NC_019872.2:5294087-5294587	12.28	fp	1
/mnt/c/Users/ethanshealy/Downloads/MA1528.1.meme	MA1528.1	NFIX	NC_019866.2:19750377-19750877	12.27	tp	1
/mnt/c/Users/ethanshealy/Downloads/MA1528.1.meme	MA1528.1	NFIX	NC_019869.2:12135151-12135651	12.25	fp	0
/mnt/c/Users/ethanshealy/Downloads/MA1528.1.meme	MA1528.1	NFIX	NC_019867.2:32119330-32119830	12.25	tp	0
/mnt/c/Users/ethanshealy/Downloads/MA1528.1.meme	MA1528.1	NFIX	NC_019862.2:27292883-27293383	12.24	tp	0
/mnt/c/Users/ethanshealy/Downloads/MA1528.1.meme	MA1528.1	NFIX	NC_019862.2:27292750-27293250	12.24	tp	0
/mnt/c/Users/ethanshealy/Downloads/MA1528.1.meme	MA1528.1	NFIX	NC_019862.2:27292909-27293409	12.24	tp	1
/mnt/c/Users/ethanshealy/Downloads/MA1528.1.meme	MA1528.1	NFIX	NC_019865.2:17121733-17122233	12.22	fp	0
/mnt/c/Users/ethanshealy/Downloads/MA1528.1.meme	MA1528.1	NFIX	NC_019864.2:30909895-30910395	12.22	fp	0
/mnt/c/Users/ethanshealy/Downloads/MA1528.1.meme	MA1528.1	NFIX	NC_019859.2:37544973-37545473	12.21	fp	0
/mnt/c/Users/ethanshealy/Downloads/MA1528.1.meme	MA1528.1	NFIX	NC_019869.2:27906282-27906782	12.21	tp	0
/mnt/c/Users/ethanshealy/Downloads/MA1528.1.meme	MA1528.1	NFIX	NC_019873.2:1028881-1029381	12.20	fp	0
/mnt/c/Users/ethanshealy/Downloads/MA1528.1.meme	MA1528.1	NFIX	NC_019876.2:3903371-3903871	12.20	fp	0
/mnt/c/Users/ethanshealy/Downloads/MA1528.1.meme	MA1528.1	NFIX	NC_019865.2:32810592-32811092	12.20	fp	0
/mnt/c/Users/ethanshealy/Downloads/MA1528.1.meme	MA1528.1	NFIX	NC_019861.2:8348414-8348914	12.19	tp	0
/mnt/c/Users/ethanshealy/Downloads/MA1528.1.meme	MA1528.1	NFIX	NC_019861.2:37983794-37984294	12.18	fp	0
/mnt/c/Users/ethanshealy/Downloads/MA1528.1.meme	MA1528.1	NFIX	NC_019871.2:24146332-24146832	12.16	fp	0
/mnt/c/Users/ethanshealy/Downloads/MA1528.1.meme	MA1528.1	NFIX	NC_019859.2:5242069-5242569	12.16	fp	0
/mnt/c/Users/ethanshealy/Downloads/MA1528.1.meme	MA1528.1	NFIX	NC_019859.2:5242125-5242625	12.16	fp	0
/mnt/c/Users/ethanshealy/Downloads/MA1528.1.meme	MA1528.1	NFIX	NC_019859.2:5241870-5242370	12.16	fp	0
/mnt/c/Users/ethanshealy/Downloads/MA1528.1.meme	MA1528.1	NFIX	NC_019878.2:23087296-23087796	12.16	fp	0
/mnt/c/Users/ethanshealy/Downloads/MA1528.1.meme	MA1528.1	NFIX	NC_019860.2:11285791-11286291	12.15	tp	1
/mnt/c/Users/ethanshealy/Downloads/MA1528.1.meme	MA1528.1	NFIX	NC_019859.2:35253853-35254353	12.15	tp	0
/mnt/c/Users/ethanshealy/Downloads/MA1528.1.meme	MA1528.1	NFIX	NC_019859.2:35253889-35254389	12.15	tp	1
/mnt/c/Users/ethanshealy/Downloads/MA1528.1.meme	MA1528.1	NFIX	NC_019869.2:13986199-13986699	12.14	tp	0
/mnt/c/Users/ethanshealy/Downloads/MA1528.1.meme	MA1528.1	NFIX	NC_019872.2:29559426-29559926	12.14	fp	0
/mnt/c/Users/ethanshealy/Downloads/MA1528.1.meme	MA1528.1	NFIX	NC_019872.2:29559530-29560030	12.14	fp	0
/mnt/c/Users/ethanshealy/Downloads/MA1528.1.meme	MA1528.1	NFIX	NC_019863.2:30865324-30865824	12.13	fp	0
/mnt/c/Users/ethanshealy/Downloads/MA1528.1.meme	MA1528.1	NFIX	NC_019867.2:16861904-16862404	12.13	tp	0
/mnt/c/Users/ethanshealy/Downloads/MA1528.1.meme	MA1528.1	NFIX	NC_019864.2:2676211-2676711	12.13	fp	0
/mnt/c/Users/ethanshealy/Downloads/MA1528.1.meme	MA1528.1	NFIX	NC_019864.2:2676267-2676767	12.13	fp	0
/mnt/c/Users/ethanshealy/Downloads/MA1528.1.meme	MA1528.1	NFIX	NC_019864.2:2676161-2676661	12.13	fp	0
/mnt/c/Users/ethanshealy/Downloads/MA1528.1.meme	MA1528.1	NFIX	NC_019864.2:2676262-2676762	12.13	fp	0
/mnt/c/Users/ethanshealy/Downloads/MA1528.1.meme	MA1528.1	NFIX	NC_019859.2:3287943-3288443	12.12	fp	0
/mnt/c/Users/ethanshealy/Downloads/MA1528.1.meme	MA1528.1	NFIX	NC_019870.2:2313397-2313897	12.12	fp	0
/mnt/c/Users/ethanshealy/Downloads/MA1528.1.meme	MA1528.1	NFIX	NC_019878.2:16054278-16054778	12.12	tp	0
/mnt/c/Users/ethanshealy/Downloads/MA1528.1.meme	MA1528.1	NFIX	NC_019865.2:31266016-31266516	12.12	tp	1
/mnt/c/Users/ethanshealy/Downloads/MA1528.1.meme	MA1528.1	NFIX	NC_019873.2:18999418-18999918	12.11	tp	0
/mnt/c/Users/ethanshealy/Downloads/MA1528.1.meme	MA1528.1	NFIX	NC_019873.2:18999464-18999964	12.11	tp	0
/mnt/c/Users/ethanshealy/Downloads/MA1528.1.meme	MA1528.1	NFIX	NC_019873.2:18999415-18999915	12.11	tp	0
/mnt/c/Users/ethanshealy/Downloads/MA1528.1.meme	MA1528.1	NFIX	NC_019874.2:22471295-22471795	12.11	tp	0
/mnt/c/Users/ethanshealy/Downloads/MA1528.1.meme	MA1528.1	NFIX	NC_019879.2:25795645-25796145	12.09	tp	0
/mnt/c/Users/ethanshealy/Downloads/MA1528.1.meme	MA1528.1	NFIX	NC_019874.2:32435353-32435853	12.08	fp	0
/mnt/c/Users/ethanshealy/Downloads/MA1528.1.meme	MA1528.1	NFIX	NC_019874.2:32435364-32435864	12.08	fp	0
/mnt/c/Users/ethanshealy/Downloads/MA1528.1.meme	MA1528.1	NFIX	NC_019859.2:10292938-10293438	12.08	fp	0
/mnt/c/Users/ethanshealy/Downloads/MA1528.1.meme	MA1528.1	NFIX	NC_019860.2:17472911-17473411	12.08	tp	0
/mnt/c/Users/ethanshealy/Downloads/MA1528.1.meme	MA1528.1	NFIX	NC_019860.2:17472903-17473403	12.08	tp	0
/mnt/c/Users/ethanshealy/Downloads/MA1528.1.meme	MA1528.1	NFIX	NC_019860.2:17472925-17473425	12.08	tp	0
/mnt/c/Users/ethanshealy/Downloads/MA1528.1.meme	MA1528.1	NFIX	NC_019880.2:25284085-25284585	12.08	tp	0
/mnt/c/Users/ethanshealy/Downloads/MA1528.1.meme	MA1528.1	NFIX	NC_019859.2:15734858-15735358	12.07	tp	0
/mnt/c/Users/ethanshealy/Downloads/MA1528.1.meme	MA1528.1	NFIX	NC_019867.2:22057901-22058401	12.06	fp	0
/mnt/c/Users/ethanshealy/Downloads/MA1528.1.meme	MA1528.1	NFIX	NC_019861.2:11465936-11466436	12.05	tp	0
/mnt/c/Users/ethanshealy/Downloads/MA1528.1.meme	MA1528.1	NFIX	NC_019868.2:19066016-19066516	12.05	tp	0
/mnt/c/Users/ethanshealy/Downloads/MA1528.1.meme	MA1528.1	NFIX	NC_019868.2:19066011-19066511	12.05	tp	0
/mnt/c/Users/ethanshealy/Downloads/MA1528.1.meme	MA1528.1	NFIX	NC_019866.2:2208704-2209204	12.05	fp	0
/mnt/c/Users/ethanshealy/Downloads/MA1528.1.meme	MA1528.1	NFIX	NC_019879.2:27178753-27179253	12.04	tp	0
/mnt/c/Users/ethanshealy/Downloads/MA1528.1.meme	MA1528.1	NFIX	NC_019861.2:2147103-2147603	12.03	tp	0
/mnt/c/Users/ethanshealy/Downloads/MA1528.1.meme	MA1528.1	NFIX	NC_019882.2:22960425-22960925	12.02	tp	0
/mnt/c/Users/ethanshealy/Downloads/MA1528.1.meme	MA1528.1	NFIX	NC_019882.2:22960398-22960898	12.02	tp	1
/mnt/c/Users/ethanshealy/Downloads/MA1528.1.meme	MA1528.1	NFIX	NC_019865.2:21276917-21277417	12.02	tp	0
/mnt/c/Users/ethanshealy/Downloads/MA1528.1.meme	MA1528.1	NFIX	NC_019865.2:21276914-21277414	12.02	tp	0
/mnt/c/Users/ethanshealy/Downloads/MA1528.1.meme	MA1528.1	NFIX	NC_019872.2:6450235-6450735	12.00	tp	0
/mnt/c/Users/ethanshealy/Downloads/MA1528.1.meme	MA1528.1	NFIX	NC_019877.2:24316177-24316677	12.00	tp	0
/mnt/c/Users/ethanshealy/Downloads/MA1528.1.meme	MA1528.1	NFIX	NC_019877.2:24316171-24316671	12.00	tp	0
/mnt/c/Users/ethanshealy/Downloads/MA1528.1.meme	MA1528.1	NFIX	NC_019877.2:24316179-24316679	12.00	tp	1
/mnt/c/Users/ethanshealy/Downloads/MA1528.1.meme	MA1528.1	NFIX	NC_019871.2:22509774-22510274	12.00	tp	0
/mnt/c/Users/ethanshealy/Downloads/MA1528.1.meme	MA1528.1	NFIX	NC_019875.2:25724477-25724977	11.99	fp	1
/mnt/c/Users/ethanshealy/Downloads/MA1528.1.meme	MA1528.1	NFIX	NC_019865.2:13465194-13465694	11.99	tp	1
/mnt/c/Users/ethanshealy/Downloads/MA1528.1.meme	MA1528.1	NFIX	NC_019873.2:21297828-21298328	11.99	tp	0
/mnt/c/Users/ethanshealy/Downloads/MA1528.1.meme	MA1528.1	NFIX	NC_019878.2:2618421-2618921	11.98	fp	0
/mnt/c/Users/ethanshealy/Downloads/MA1528.1.meme	MA1528.1	NFIX	NC_019878.2:24022721-24023221	11.98	tp	0
/mnt/c/Users/ethanshealy/Downloads/MA1528.1.meme	MA1528.1	NFIX	NC_019880.2:14712926-14713426	11.97	tp	0
/mnt/c/Users/ethanshealy/Downloads/MA1528.1.meme	MA1528.1	NFIX	NC_019880.2:14712926-14713426	11.97	fp	0
/mnt/c/Users/ethanshealy/Downloads/MA1528.1.meme	MA1528.1	NFIX	NC_019864.2:13624858-13625358	11.97	tp	0
/mnt/c/Users/ethanshealy/Downloads/MA1528.1.meme	MA1528.1	NFIX	NC_019875.2:1271373-1271873	11.96	tp	0
/mnt/c/Users/ethanshealy/Downloads/MA1528.1.meme	MA1528.1	NFIX	NC_019869.2:21287882-21288382	11.96	tp	0
/mnt/c/Users/ethanshealy/Downloads/MA1528.1.meme	MA1528.1	NFIX	NC_019859.2:35381262-35381762	11.95	fp	0
/mnt/c/Users/ethanshealy/Downloads/MA1528.1.meme	MA1528.1	NFIX	NC_019863.2:31972042-31972542	11.95	fp	0
/mnt/c/Users/ethanshealy/Downloads/MA1528.1.meme	MA1528.1	NFIX	NC_019870.2:24388137-24388637	11.95	fp	0
/mnt/c/Users/ethanshealy/Downloads/MA1528.1.meme	MA1528.1	NFIX	NC_019876.2:4463300-4463800	11.94	tp	0
/mnt/c/Users/ethanshealy/Downloads/MA1528.1.meme	MA1528.1	NFIX	NC_019876.2:22501028-22501528	11.93	fp	0
/mnt/c/Users/ethanshealy/Downloads/MA1528.1.meme	MA1528.1	NFIX	NC_019876.2:22501203-22501703	11.93	fp	0
/mnt/c/Users/ethanshealy/Downloads/MA1528.1.meme	MA1528.1	NFIX	NC_019876.2:22500928-22501428	11.93	fp	0
/mnt/c/Users/ethanshealy/Downloads/MA1528.1.meme	MA1528.1	NFIX	NC_019865.2:9773662-9774162	11.93	tp	1
/mnt/c/Users/ethanshealy/Downloads/MA1528.1.meme	MA1528.1	NFIX	NC_019871.2:618630-619130	11.92	fp	0
/mnt/c/Users/ethanshealy/Downloads/MA1528.1.meme	MA1528.1	NFIX	NC_019869.2:18213356-18213856	11.92	fp	0
/mnt/c/Users/ethanshealy/Downloads/MA1528.1.meme	MA1528.1	NFIX	NC_019863.2:27473211-27473711	11.92	fp	0
/mnt/c/Users/ethanshealy/Downloads/MA1528.1.meme	MA1528.1	NFIX	NC_019879.2:6908947-6909447	11.92	fp	0
/mnt/c/Users/ethanshealy/Downloads/MA1528.1.meme	MA1528.1	NFIX	NC_019875.2:3761979-3762479	11.91	tp	0
/mnt/c/Users/ethanshealy/Downloads/MA1528.1.meme	MA1528.1	NFIX	NC_019875.2:3761975-3762475	11.91	tp	0
/mnt/c/Users/ethanshealy/Downloads/MA1528.1.meme	MA1528.1	NFIX	NC_019875.2:3762005-3762505	11.91	tp	0
/mnt/c/Users/ethanshealy/Downloads/MA1528.1.meme	MA1528.1	NFIX	NC_019880.2:3540350-3540850	11.90	fp	0
/mnt/c/Users/ethanshealy/Downloads/MA1528.1.meme	MA1528.1	NFIX	NC_019880.2:3540274-3540774	11.90	fp	0
/mnt/c/Users/ethanshealy/Downloads/MA1528.1.meme	MA1528.1	NFIX	NC_019874.2:4814978-4815478	11.89	fp	0
/mnt/c/Users/ethanshealy/Downloads/MA1528.1.meme	MA1528.1	NFIX	NC_019874.2:4814940-4815440	11.89	fp	0
/mnt/c/Users/ethanshealy/Downloads/MA1528.1.meme	MA1528.1	NFIX	NC_019874.2:5308463-5308963	11.88	tp	0
/mnt/c/Users/ethanshealy/Downloads/MA1528.1.meme	MA1528.1	NFIX	NC_019878.2:17097569-17098069	11.87	tp	0
/mnt/c/Users/ethanshealy/Downloads/MA1528.1.meme	MA1528.1	NFIX	NC_019859.2:34794708-34795208	11.86	tp	0
/mnt/c/Users/ethanshealy/Downloads/MA1528.1.meme	MA1528.1	NFIX	NC_019882.2:20460471-20460971	11.86	fp	0
/mnt/c/Users/ethanshealy/Downloads/MA1528.1.meme	MA1528.1	NFIX	NC_019880.2:17625758-17626258	11.85	tp	0
/mnt/c/Users/ethanshealy/Downloads/MA1528.1.meme	MA1528.1	NFIX	NC_019863.2:22751517-22752017	11.84	tp	1
/mnt/c/Users/ethanshealy/Downloads/MA1528.1.meme	MA1528.1	NFIX	NC_019881.2:9088573-9089073	11.84	fp	0
/mnt/c/Users/ethanshealy/Downloads/MA1528.1.meme	MA1528.1	NFIX	NC_019862.2:1967959-1968459	11.83	tp	0
/mnt/c/Users/ethanshealy/Downloads/MA1528.1.meme	MA1528.1	NFIX	NC_019878.2:18336758-18337258	11.83	tp	0
/mnt/c/Users/ethanshealy/Downloads/MA1528.1.meme	MA1528.1	NFIX	NC_019875.2:29867064-29867564	11.83	tp	0
/mnt/c/Users/ethanshealy/Downloads/MA1528.1.meme	MA1528.1	NFIX	NC_019870.2:28794120-28794620	11.83	tp	0
/mnt/c/Users/ethanshealy/Downloads/MA1528.1.meme	MA1528.1	NFIX	NC_019870.2:28794083-28794583	11.83	tp	0
/mnt/c/Users/ethanshealy/Downloads/MA1528.1.meme	MA1528.1	NFIX	NC_019859.2:26521027-26521527	11.82	fp	0
/mnt/c/Users/ethanshealy/Downloads/MA1528.1.meme	MA1528.1	NFIX	NC_019871.2:6441091-6441591	11.81	tp	0
/mnt/c/Users/ethanshealy/Downloads/MA1528.1.meme	MA1528.1	NFIX	NC_019860.2:4961367-4961867	11.81	fp	0
/mnt/c/Users/ethanshealy/Downloads/MA1528.1.meme	MA1528.1	NFIX	NC_019867.2:7540466-7540966	11.81	tp	0
/mnt/c/Users/ethanshealy/Downloads/MA1528.1.meme	MA1528.1	NFIX	NC_019871.2:18626795-18627295	11.80	tp	0
/mnt/c/Users/ethanshealy/Downloads/MA1528.1.meme	MA1528.1	NFIX	NC_019871.2:18626832-18627332	11.80	tp	0
/mnt/c/Users/ethanshealy/Downloads/MA1528.1.meme	MA1528.1	NFIX	NC_019871.2:18626815-18627315	11.80	tp	0
/mnt/c/Users/ethanshealy/Downloads/MA1528.1.meme	MA1528.1	NFIX	NC_019872.2:6757486-6757986	11.79	tp	0
/mnt/c/Users/ethanshealy/Downloads/MA1528.1.meme	MA1528.1	NFIX	NC_019872.2:6757491-6757991	11.79	tp	0
/mnt/c/Users/ethanshealy/Downloads/MA1528.1.meme	MA1528.1	NFIX	NC_019878.2:23514671-23515171	11.78	fp	0
/mnt/c/Users/ethanshealy/Downloads/MA1528.1.meme	MA1528.1	NFIX	NC_019871.2:15874-16374	11.77	tp	0
/mnt/c/Users/ethanshealy/Downloads/MA1528.1.meme	MA1528.1	NFIX	NC_019878.2:15598774-15599274	11.77	tp	0
/mnt/c/Users/ethanshealy/Downloads/MA1528.1.meme	MA1528.1	NFIX	NC_019875.2:15831134-15831634	11.77	tp	0
/mnt/c/Users/ethanshealy/Downloads/MA1528.1.meme	MA1528.1	NFIX	NC_019866.2:16886829-16887329	11.76	fp	0
/mnt/c/Users/ethanshealy/Downloads/MA1528.1.meme	MA1528.1	NFIX	NC_019868.2:908187-908687	11.76	fp	0
/mnt/c/Users/ethanshealy/Downloads/MA1528.1.meme	MA1528.1	NFIX	NC_019868.2:23366698-23367198	11.76	fp	1
/mnt/c/Users/ethanshealy/Downloads/MA1528.1.meme	MA1528.1	NFIX	NC_019869.2:414278-414778	11.75	fp	0
/mnt/c/Users/ethanshealy/Downloads/MA1528.1.meme	MA1528.1	NFIX	NC_019867.2:23102619-23103119	11.75	fp	0
/mnt/c/Users/ethanshealy/Downloads/MA1528.1.meme	MA1528.1	NFIX	NC_019874.2:29200865-29201365	11.75	tp	0
/mnt/c/Users/ethanshealy/Downloads/MA1528.1.meme	MA1528.1	NFIX	NC_019872.2:28751999-28752499	11.75	fp	0
/mnt/c/Users/ethanshealy/Downloads/MA1528.1.meme	MA1528.1	NFIX	NC_019872.2:28751993-28752493	11.75	fp	0
/mnt/c/Users/ethanshealy/Downloads/MA1528.1.meme	MA1528.1	NFIX	NC_019879.2:6718806-6719306	11.72	tp	0
/mnt/c/Users/ethanshealy/Downloads/MA1528.1.meme	MA1528.1	NFIX	NC_019880.2:12576672-12577172	11.72	tp	0
/mnt/c/Users/ethanshealy/Downloads/MA1528.1.meme	MA1528.1	NFIX	NC_019863.2:11172345-11172845	11.71	tp	0
/mnt/c/Users/ethanshealy/Downloads/MA1528.1.meme	MA1528.1	NFIX	NC_019863.2:11172374-11172874	11.71	tp	1
/mnt/c/Users/ethanshealy/Downloads/MA1528.1.meme	MA1528.1	NFIX	NC_019867.2:111270-111770	11.69	fp	0
/mnt/c/Users/ethanshealy/Downloads/MA1528.1.meme	MA1528.1	NFIX	NC_019870.2:148767-149267	11.68	tp	0
/mnt/c/Users/ethanshealy/Downloads/MA1528.1.meme	MA1528.1	NFIX	NC_019870.2:148775-149275	11.68	tp	0
/mnt/c/Users/ethanshealy/Downloads/MA1528.1.meme	MA1528.1	NFIX	NC_019882.2:12685591-12686091	11.68	tp	0
/mnt/c/Users/ethanshealy/Downloads/MA1528.1.meme	MA1528.1	NFIX	NC_019882.2:1129388-1129888	11.68	fp	0
/mnt/c/Users/ethanshealy/Downloads/MA1528.1.meme	MA1528.1	NFIX	NC_019869.2:3778830-3779330	11.68	fp	0
/mnt/c/Users/ethanshealy/Downloads/MA1528.1.meme	MA1528.1	NFIX	NC_019880.2:377672-378172	11.66	fp	0
/mnt/c/Users/ethanshealy/Downloads/MA1528.1.meme	MA1528.1	NFIX	NC_019880.2:377714-378214	11.66	fp	0
/mnt/c/Users/ethanshealy/Downloads/MA1528.1.meme	MA1528.1	NFIX	NC_019880.2:377891-378391	11.66	fp	0
/mnt/c/Users/ethanshealy/Downloads/MA1528.1.meme	MA1528.1	NFIX	NC_019880.2:377720-378220	11.66	fp	0
/mnt/c/Users/ethanshealy/Downloads/MA1528.1.meme	MA1528.1	NFIX	NC_019880.2:377822-378322	11.66	fp	0
/mnt/c/Users/ethanshealy/Downloads/MA1528.1.meme	MA1528.1	NFIX	NC_019880.2:377790-378290	11.66	fp	0
/mnt/c/Users/ethanshealy/Downloads/MA1528.1.meme	MA1528.1	NFIX	NC_019880.2:377870-378370	11.66	fp	1
/mnt/c/Users/ethanshealy/Downloads/MA1528.1.meme	MA1528.1	NFIX	NC_019875.2:19100233-19100733	11.66	tp	1
/mnt/c/Users/ethanshealy/Downloads/MA1528.1.meme	MA1528.1	NFIX	NC_019874.2:5645740-5646240	11.65	tp	0
/mnt/c/Users/ethanshealy/Downloads/MA1528.1.meme	MA1528.1	NFIX	NC_019874.2:24119730-24120230	11.65	tp	0
/mnt/c/Users/ethanshealy/Downloads/MA1528.1.meme	MA1528.1	NFIX	NC_019874.2:5790885-5791385	11.65	fp	0
/mnt/c/Users/ethanshealy/Downloads/MA1528.1.meme	MA1528.1	NFIX	NC_019879.2:19676116-19676616	11.65	tp	1
/mnt/c/Users/ethanshealy/Downloads/MA1528.1.meme	MA1528.1	NFIX	NC_019867.2:23657027-23657527	11.64	tp	0
/mnt/c/Users/ethanshealy/Downloads/MA1528.1.meme	MA1528.1	NFIX	NC_019881.2:19251195-19251695	11.64	tp	0
/mnt/c/Users/ethanshealy/Downloads/MA1528.1.meme	MA1528.1	NFIX	NC_019874.2:14967447-14967947	11.64	fp	0
/mnt/c/Users/ethanshealy/Downloads/MA1528.1.meme	MA1528.1	NFIX	NC_019875.2:14291664-14292164	11.63	fp	0
/mnt/c/Users/ethanshealy/Downloads/MA1528.1.meme	MA1528.1	NFIX	NC_019869.2:20020154-20020654	11.63	fp	0
/mnt/c/Users/ethanshealy/Downloads/MA1528.1.meme	MA1528.1	NFIX	NC_019861.2:4530475-4530975	11.63	tp	0
/mnt/c/Users/ethanshealy/Downloads/MA1528.1.meme	MA1528.1	NFIX	NC_019865.2:17125922-17126422	11.62	tp	0
/mnt/c/Users/ethanshealy/Downloads/MA1528.1.meme	MA1528.1	NFIX	NC_019879.2:5523209-5523709	11.61	tp	0
/mnt/c/Users/ethanshealy/Downloads/MA1528.1.meme	MA1528.1	NFIX	NC_019867.2:1228587-1229087	11.61	fp	0
/mnt/c/Users/ethanshealy/Downloads/MA1528.1.meme	MA1528.1	NFIX	NC_019871.2:32913657-32914157	11.59	tp	1
/mnt/c/Users/ethanshealy/Downloads/MA1528.1.meme	MA1528.1	NFIX	NC_019862.2:24011840-24012340	11.59	tp	0
/mnt/c/Users/ethanshealy/Downloads/MA1528.1.meme	MA1528.1	NFIX	NC_019862.2:24011871-24012371	11.59	tp	0
/mnt/c/Users/ethanshealy/Downloads/MA1528.1.meme	MA1528.1	NFIX	NC_019875.2:7934108-7934608	11.58	fp	0
/mnt/c/Users/ethanshealy/Downloads/MA1528.1.meme	MA1528.1	NFIX	NC_019875.2:5455934-5456434	11.58	fp	0
/mnt/c/Users/ethanshealy/Downloads/MA1528.1.meme	MA1528.1	NFIX	NC_019861.2:4773769-4774269	11.58	fp	0
/mnt/c/Users/ethanshealy/Downloads/MA1528.1.meme	MA1528.1	NFIX	NC_019867.2:3874310-3874810	11.57	fp	0
/mnt/c/Users/ethanshealy/Downloads/MA1528.1.meme	MA1528.1	NFIX	NC_019870.2:148794-149294	11.57	tp	0
/mnt/c/Users/ethanshealy/Downloads/MA1528.1.meme	MA1528.1	NFIX	NC_019860.2:689624-690124	11.57	fp	0
/mnt/c/Users/ethanshealy/Downloads/MA1528.1.meme	MA1528.1	NFIX	NC_019861.2:27175838-27176338	11.56	tp	0
/mnt/c/Users/ethanshealy/Downloads/MA1528.1.meme	MA1528.1	NFIX	NC_019877.2:19797488-19797988	11.56	tp	0
/mnt/c/Users/ethanshealy/Downloads/MA1528.1.meme	MA1528.1	NFIX	NC_019861.2:38172228-38172728	11.56	fp	0
/mnt/c/Users/ethanshealy/Downloads/MA1528.1.meme	MA1528.1	NFIX	NC_019861.2:38172462-38172962	11.56	fp	0
/mnt/c/Users/ethanshealy/Downloads/MA1528.1.meme	MA1528.1	NFIX	NC_019862.2:16137803-16138303	11.56	tp	0
/mnt/c/Users/ethanshealy/Downloads/MA1528.1.meme	MA1528.1	NFIX	NC_019864.2:29395239-29395739	11.56	tp	0
/mnt/c/Users/ethanshealy/Downloads/MA1528.1.meme	MA1528.1	NFIX	NC_019882.2:22828416-22828916	11.55	tp	0
/mnt/c/Users/ethanshealy/Downloads/MA1528.1.meme	MA1528.1	NFIX	NC_019882.2:22828425-22828925	11.55	tp	0
/mnt/c/Users/ethanshealy/Downloads/MA1528.1.meme	MA1528.1	NFIX	NC_019882.2:22828405-22828905	11.55	tp	0
/mnt/c/Users/ethanshealy/Downloads/MA1528.1.meme	MA1528.1	NFIX	NC_019882.2:22828431-22828931	11.55	tp	1
/mnt/c/Users/ethanshealy/Downloads/MA1528.1.meme	MA1528.1	NFIX	NC_019868.2:5658570-5659070	11.55	tp	0
/mnt/c/Users/ethanshealy/Downloads/MA1528.1.meme	MA1528.1	NFIX	NC_019868.2:5658558-5659058	11.55	tp	0
/mnt/c/Users/ethanshealy/Downloads/MA1528.1.meme	MA1528.1	NFIX	NC_019868.2:5658554-5659054	11.55	tp	0
/mnt/c/Users/ethanshealy/Downloads/MA1528.1.meme	MA1528.1	NFIX	NC_019868.2:5658549-5659049	11.55	tp	0
/mnt/c/Users/ethanshealy/Downloads/MA1528.1.meme	MA1528.1	NFIX	NC_019868.2:5658591-5659091	11.55	tp	0
/mnt/c/Users/ethanshealy/Downloads/MA1528.1.meme	MA1528.1	NFIX	NC_019868.2:5658596-5659096	11.55	tp	0
/mnt/c/Users/ethanshealy/Downloads/MA1528.1.meme	MA1528.1	NFIX	NC_019868.2:5658587-5659087	11.55	tp	0
/mnt/c/Users/ethanshealy/Downloads/MA1528.1.meme	MA1528.1	NFIX	NC_019868.2:5658584-5659084	11.55	tp	0
/mnt/c/Users/ethanshealy/Downloads/MA1528.1.meme	MA1528.1	NFIX	NC_019872.2:23717531-23718031	11.55	fp	0
/mnt/c/Users/ethanshealy/Downloads/MA1528.1.meme	MA1528.1	NFIX	NC_019874.2:1226677-1227177	11.54	tp	0
/mnt/c/Users/ethanshealy/Downloads/MA1528.1.meme	MA1528.1	NFIX	NC_019867.2:31842331-31842831	11.54	fp	0
/mnt/c/Users/ethanshealy/Downloads/MA1528.1.meme	MA1528.1	NFIX	NC_019861.2:10438265-10438765	11.53	tp	1
/mnt/c/Users/ethanshealy/Downloads/MA1528.1.meme	MA1528.1	NFIX	NC_019861.2:3833748-3834248	11.52	fp	0
/mnt/c/Users/ethanshealy/Downloads/MA1528.1.meme	MA1528.1	NFIX	NC_019878.2:22853795-22854295	11.52	fp	0
/mnt/c/Users/ethanshealy/Downloads/MA1528.1.meme	MA1528.1	NFIX	NC_019868.2:20488548-20489048	11.52	tp	0
/mnt/c/Users/ethanshealy/Downloads/MA1528.1.meme	MA1528.1	NFIX	NC_019873.2:16732654-16733154	11.51	fp	0
/mnt/c/Users/ethanshealy/Downloads/MA1528.1.meme	MA1528.1	NFIX	NC_019867.2:33126793-33127293	11.51	fp	0
/mnt/c/Users/ethanshealy/Downloads/MA1528.1.meme	MA1528.1	NFIX	NC_019879.2:5307758-5308258	11.50	fp	0
/mnt/c/Users/ethanshealy/Downloads/MA1528.1.meme	MA1528.1	NFIX	NC_019867.2:27788663-27789163	11.50	tp	0
/mnt/c/Users/ethanshealy/Downloads/MA1528.1.meme	MA1528.1	NFIX	NC_019874.2:25493710-25494210	11.50	tp	0
/mnt/c/Users/ethanshealy/Downloads/MA1528.1.meme	MA1528.1	NFIX	NC_019874.2:25493687-25494187	11.50	tp	0
/mnt/c/Users/ethanshealy/Downloads/MA1528.1.meme	MA1528.1	NFIX	NC_019874.2:29336857-29337357	11.50	tp	0
/mnt/c/Users/ethanshealy/Downloads/MA1528.1.meme	MA1528.1	NFIX	NC_019882.2:298327-298827	11.49	tp	0
/mnt/c/Users/ethanshealy/Downloads/MA1528.1.meme	MA1528.1	NFIX	NC_019882.2:298358-298858	11.49	tp	1
/mnt/c/Users/ethanshealy/Downloads/MA1528.1.meme	MA1528.1	NFIX	NC_019877.2:24814803-24815303	11.48	fp	0
/mnt/c/Users/ethanshealy/Downloads/MA1528.1.meme	MA1528.1	NFIX	NC_019881.2:23644250-23644750	11.48	fp	0
/mnt/c/Users/ethanshealy/Downloads/MA1528.1.meme	MA1528.1	NFIX	NC_019881.2:23644276-23644776	11.48	fp	0
/mnt/c/Users/ethanshealy/Downloads/MA1528.1.meme	MA1528.1	NFIX	NC_019865.2:34023296-34023796	11.47	fp	0
/mnt/c/Users/ethanshealy/Downloads/MA1528.1.meme	MA1528.1	NFIX	NC_019870.2:29547311-29547811	11.47	tp	0
/mnt/c/Users/ethanshealy/Downloads/MA1528.1.meme	MA1528.1	NFIX	NC_019870.2:29547327-29547827	11.47	tp	0
/mnt/c/Users/ethanshealy/Downloads/MA1528.1.meme	MA1528.1	NFIX	NC_019870.2:29547322-29547822	11.47	tp	0
/mnt/c/Users/ethanshealy/Downloads/MA1528.1.meme	MA1528.1	NFIX	NC_019870.2:29547316-29547816	11.47	fp	0
/mnt/c/Users/ethanshealy/Downloads/MA1528.1.meme	MA1528.1	NFIX	NC_019870.2:29547316-29547816	11.47	tp	1
/mnt/c/Users/ethanshealy/Downloads/MA1528.1.meme	MA1528.1	NFIX	NC_019866.2:17088723-17089223	11.46	fp	1
/mnt/c/Users/ethanshealy/Downloads/MA1528.1.meme	MA1528.1	NFIX	NC_019863.2:23888032-23888532	11.46	fp	0
/mnt/c/Users/ethanshealy/Downloads/MA1528.1.meme	MA1528.1	NFIX	NC_019868.2:21674643-21675143	11.45	tp	0
/mnt/c/Users/ethanshealy/Downloads/MA1528.1.meme	MA1528.1	NFIX	NC_019881.2:23752963-23753463	11.45	fp	0
/mnt/c/Users/ethanshealy/Downloads/MA1528.1.meme	MA1528.1	NFIX	NC_019864.2:17036059-17036559	11.43	tp	0
/mnt/c/Users/ethanshealy/Downloads/MA1528.1.meme	MA1528.1	NFIX	NC_019864.2:17036084-17036584	11.43	tp	0
/mnt/c/Users/ethanshealy/Downloads/MA1528.1.meme	MA1528.1	NFIX	NC_019868.2:30455648-30456148	11.42	fp	0
/mnt/c/Users/ethanshealy/Downloads/MA1528.1.meme	MA1528.1	NFIX	NC_019871.2:27812868-27813368	11.42	fp	0
/mnt/c/Users/ethanshealy/Downloads/MA1528.1.meme	MA1528.1	NFIX	NC_019860.2:646721-647221	11.41	fp	0
/mnt/c/Users/ethanshealy/Downloads/MA1528.1.meme	MA1528.1	NFIX	NC_019871.2:20918907-20919407	11.41	fp	1
/mnt/c/Users/ethanshealy/Downloads/MA1528.1.meme	MA1528.1	NFIX	NC_019864.2:838358-838858	11.41	fp	0
/mnt/c/Users/ethanshealy/Downloads/MA1528.1.meme	MA1528.1	NFIX	NC_019882.2:13174573-13175073	11.40	tp	0
/mnt/c/Users/ethanshealy/Downloads/MA1528.1.meme	MA1528.1	NFIX	NC_019882.2:13174504-13175004	11.40	tp	0
/mnt/c/Users/ethanshealy/Downloads/MA1528.1.meme	MA1528.1	NFIX	NC_019873.2:29483929-29484429	11.40	tp	0
/mnt/c/Users/ethanshealy/Downloads/MA1528.1.meme	MA1528.1	NFIX	NC_019866.2:23345922-23346422	11.39	fp	0
/mnt/c/Users/ethanshealy/Downloads/MA1528.1.meme	MA1528.1	NFIX	NC_019870.2:4902043-4902543	11.39	tp	0
/mnt/c/Users/ethanshealy/Downloads/MA1528.1.meme	MA1528.1	NFIX	NC_019877.2:18454711-18455211	11.38	tp	0
/mnt/c/Users/ethanshealy/Downloads/MA1528.1.meme	MA1528.1	NFIX	NC_019877.2:18454695-18455195	11.38	tp	0
/mnt/c/Users/ethanshealy/Downloads/MA1528.1.meme	MA1528.1	NFIX	NC_019874.2:17985439-17985939	11.38	tp	0
/mnt/c/Users/ethanshealy/Downloads/MA1528.1.meme	MA1528.1	NFIX	NC_019874.2:639842-640342	11.38	fp	0
/mnt/c/Users/ethanshealy/Downloads/MA1528.1.meme	MA1528.1	NFIX	NC_019867.2:12663098-12663598	11.37	tp	0
/mnt/c/Users/ethanshealy/Downloads/MA1528.1.meme	MA1528.1	NFIX	NC_019867.2:12663078-12663578	11.37	tp	0
/mnt/c/Users/ethanshealy/Downloads/MA1528.1.meme	MA1528.1	NFIX	NC_019875.2:5946767-5947267	11.37	fp	0
/mnt/c/Users/ethanshealy/Downloads/MA1528.1.meme	MA1528.1	NFIX	NC_019870.2:12515116-12515616	11.37	tp	0
/mnt/c/Users/ethanshealy/Downloads/MA1528.1.meme	MA1528.1	NFIX	NC_019866.2:1870879-1871379	11.35	tp	0
/mnt/c/Users/ethanshealy/Downloads/MA1528.1.meme	MA1528.1	NFIX	NC_019866.2:1870921-1871421	11.35	tp	0
/mnt/c/Users/ethanshealy/Downloads/MA1528.1.meme	MA1528.1	NFIX	NC_019868.2:1118729-1119229	11.35	tp	0
/mnt/c/Users/ethanshealy/Downloads/MA1528.1.meme	MA1528.1	NFIX	NC_019874.2:30169525-30170025	11.35	tp	0
/mnt/c/Users/ethanshealy/Downloads/MA1528.1.meme	MA1528.1	NFIX	NC_019861.2:33475871-33476371	11.34	tp	0
/mnt/c/Users/ethanshealy/Downloads/MA1528.1.meme	MA1528.1	NFIX	NC_019868.2:28116596-28117096	11.34	fp	0
/mnt/c/Users/ethanshealy/Downloads/MA1528.1.meme	MA1528.1	NFIX	NC_019875.2:12733333-12733833	11.34	tp	0
/mnt/c/Users/ethanshealy/Downloads/MA1528.1.meme	MA1528.1	NFIX	NC_019875.2:12733299-12733799	11.34	tp	0
/mnt/c/Users/ethanshealy/Downloads/MA1528.1.meme	MA1528.1	NFIX	NC_019875.2:12733281-12733781	11.34	tp	0
/mnt/c/Users/ethanshealy/Downloads/MA1528.1.meme	MA1528.1	NFIX	NC_019882.2:22331564-22332064	11.34	fp	0
/mnt/c/Users/ethanshealy/Downloads/MA1528.1.meme	MA1528.1	NFIX	NC_019866.2:21847416-21847916	11.33	tp	0
/mnt/c/Users/ethanshealy/Downloads/MA1528.1.meme	MA1528.1	NFIX	NC_019874.2:4714931-4715431	11.32	tp	0
/mnt/c/Users/ethanshealy/Downloads/MA1528.1.meme	MA1528.1	NFIX	NC_019868.2:2774198-2774698	11.32	tp	0
/mnt/c/Users/ethanshealy/Downloads/MA1528.1.meme	MA1528.1	NFIX	NC_019871.2:17693951-17694451	11.31	tp	0
/mnt/c/Users/ethanshealy/Downloads/MA1528.1.meme	MA1528.1	NFIX	NC_019875.2:13878388-13878888	11.31	tp	0
/mnt/c/Users/ethanshealy/Downloads/MA1528.1.meme	MA1528.1	NFIX	NC_019875.2:13878419-13878919	11.31	tp	0
/mnt/c/Users/ethanshealy/Downloads/MA1528.1.meme	MA1528.1	NFIX	NC_019875.2:13878445-13878945	11.31	tp	0
/mnt/c/Users/ethanshealy/Downloads/MA1528.1.meme	MA1528.1	NFIX	NC_019881.2:5082613-5083113	11.31	tp	0
/mnt/c/Users/ethanshealy/Downloads/MA1528.1.meme	MA1528.1	NFIX	NC_019881.2:5082681-5083181	11.31	fp	0
/mnt/c/Users/ethanshealy/Downloads/MA1528.1.meme	MA1528.1	NFIX	NC_019860.2:572096-572596	11.30	fp	0
/mnt/c/Users/ethanshealy/Downloads/MA1528.1.meme	MA1528.1	NFIX	NC_019874.2:24734327-24734827	11.30	tp	0
/mnt/c/Users/ethanshealy/Downloads/MA1528.1.meme	MA1528.1	NFIX	NC_019865.2:3530163-3530663	11.29	fp	0
/mnt/c/Users/ethanshealy/Downloads/MA1528.1.meme	MA1528.1	NFIX	NC_019867.2:12408106-12408606	11.29	fp	0
/mnt/c/Users/ethanshealy/Downloads/MA1528.1.meme	MA1528.1	NFIX	NC_019865.2:3530090-3530590	11.29	fp	0
/mnt/c/Users/ethanshealy/Downloads/MA1528.1.meme	MA1528.1	NFIX	NC_019881.2:162192-162692	11.29	fp	0
/mnt/c/Users/ethanshealy/Downloads/MA1528.1.meme	MA1528.1	NFIX	NC_019881.2:162091-162591	11.29	fp	0
/mnt/c/Users/ethanshealy/Downloads/MA1528.1.meme	MA1528.1	NFIX	NC_019859.2:29219359-29219859	11.28	tp	0
/mnt/c/Users/ethanshealy/Downloads/MA1528.1.meme	MA1528.1	NFIX	NC_019859.2:29219351-29219851	11.28	tp	0
/mnt/c/Users/ethanshealy/Downloads/MA1528.1.meme	MA1528.1	NFIX	NC_019859.2:29219363-29219863	11.28	tp	0
/mnt/c/Users/ethanshealy/Downloads/MA1528.1.meme	MA1528.1	NFIX	NC_019873.2:29738219-29738719	11.28	fp	0
/mnt/c/Users/ethanshealy/Downloads/MA1528.1.meme	MA1528.1	NFIX	NC_019867.2:15070580-15071080	11.28	tp	0
/mnt/c/Users/ethanshealy/Downloads/MA1528.1.meme	MA1528.1	NFIX	NC_019875.2:2701188-2701688	11.27	fp	0
/mnt/c/Users/ethanshealy/Downloads/MA1528.1.meme	MA1528.1	NFIX	NC_019875.2:2701179-2701679	11.27	fp	0
/mnt/c/Users/ethanshealy/Downloads/MA1528.1.meme	MA1528.1	NFIX	NC_019867.2:27883427-27883927	11.27	tp	0
/mnt/c/Users/ethanshealy/Downloads/MA1528.1.meme	MA1528.1	NFIX	NC_019867.2:27883364-27883864	11.27	tp	0
/mnt/c/Users/ethanshealy/Downloads/MA1528.1.meme	MA1528.1	NFIX	NC_019867.2:27883338-27883838	11.27	tp	1
/mnt/c/Users/ethanshealy/Downloads/MA1528.1.meme	MA1528.1	NFIX	NC_019860.2:21514637-21515137	11.26	tp	0
/mnt/c/Users/ethanshealy/Downloads/MA1528.1.meme	MA1528.1	NFIX	NC_019860.2:21514631-21515131	11.26	tp	1
/mnt/c/Users/ethanshealy/Downloads/MA1528.1.meme	MA1528.1	NFIX	NC_019871.2:29125476-29125976	11.25	tp	0
/mnt/c/Users/ethanshealy/Downloads/MA1528.1.meme	MA1528.1	NFIX	NC_019868.2:7001926-7002426	11.25	tp	0
/mnt/c/Users/ethanshealy/Downloads/MA1528.1.meme	MA1528.1	NFIX	NC_019871.2:29125500-29126000	11.25	tp	0
/mnt/c/Users/ethanshealy/Downloads/MA1528.1.meme	MA1528.1	NFIX	NC_019881.2:9196761-9197261	11.25	tp	0
/mnt/c/Users/ethanshealy/Downloads/MA1528.1.meme	MA1528.1	NFIX	NC_019868.2:7001901-7002401	11.25	tp	0
/mnt/c/Users/ethanshealy/Downloads/MA1528.1.meme	MA1528.1	NFIX	NC_019860.2:6031472-6031972	11.25	fp	0
/mnt/c/Users/ethanshealy/Downloads/MA1528.1.meme	MA1528.1	NFIX	NC_019872.2:24296934-24297434	11.25	fp	0
/mnt/c/Users/ethanshealy/Downloads/MA1528.1.meme	MA1528.1	NFIX	NC_019865.2:27815078-27815578	11.25	fp	0
/mnt/c/Users/ethanshealy/Downloads/MA1528.1.meme	MA1528.1	NFIX	NC_019875.2:11917668-11918168	11.25	fp	0
/mnt/c/Users/ethanshealy/Downloads/MA1528.1.meme	MA1528.1	NFIX	NC_019862.2:6082971-6083471	11.25	fp	0
/mnt/c/Users/ethanshealy/Downloads/MA1528.1.meme	MA1528.1	NFIX	NC_019861.2:17822206-17822706	11.25	tp	0
/mnt/c/Users/ethanshealy/Downloads/MA1528.1.meme	MA1528.1	NFIX	NC_019861.2:17822230-17822730	11.25	tp	0
/mnt/c/Users/ethanshealy/Downloads/MA1528.1.meme	MA1528.1	NFIX	NC_019860.2:24285488-24285988	11.25	fp	0
/mnt/c/Users/ethanshealy/Downloads/MA1528.1.meme	MA1528.1	NFIX	NC_019866.2:24135720-24136220	11.24	fp	0
/mnt/c/Users/ethanshealy/Downloads/MA1528.1.meme	MA1528.1	NFIX	NC_019866.2:24135751-24136251	11.24	fp	0
/mnt/c/Users/ethanshealy/Downloads/MA1528.1.meme	MA1528.1	NFIX	NC_019866.2:24135492-24135992	11.24	fp	0
/mnt/c/Users/ethanshealy/Downloads/MA1528.1.meme	MA1528.1	NFIX	NC_019866.2:12196605-12197105	11.24	tp	0
/mnt/c/Users/ethanshealy/Downloads/MA1528.1.meme	MA1528.1	NFIX	NC_019863.2:15369996-15370496	11.24	fp	0
/mnt/c/Users/ethanshealy/Downloads/MA1528.1.meme	MA1528.1	NFIX	NC_019860.2:7485976-7486476	11.23	fp	0
/mnt/c/Users/ethanshealy/Downloads/MA1528.1.meme	MA1528.1	NFIX	NC_019880.2:2966974-2967474	11.23	tp	1
/mnt/c/Users/ethanshealy/Downloads/MA1528.1.meme	MA1528.1	NFIX	NC_019859.2:891463-891963	11.22	tp	0
/mnt/c/Users/ethanshealy/Downloads/MA1528.1.meme	MA1528.1	NFIX	NC_019864.2:12542526-12543026	11.22	tp	0
/mnt/c/Users/ethanshealy/Downloads/MA1528.1.meme	MA1528.1	NFIX	NC_019864.2:12542558-12543058	11.22	tp	0
/mnt/c/Users/ethanshealy/Downloads/MA1528.1.meme	MA1528.1	NFIX	NC_019864.2:12542528-12543028	11.22	tp	0
/mnt/c/Users/ethanshealy/Downloads/MA1528.1.meme	MA1528.1	NFIX	NC_019866.2:9027287-9027787	11.21	fp	0
/mnt/c/Users/ethanshealy/Downloads/MA1528.1.meme	MA1528.1	NFIX	NC_019867.2:24542660-24543160	11.21	fp	0
/mnt/c/Users/ethanshealy/Downloads/MA1528.1.meme	MA1528.1	NFIX	NC_019867.2:24542771-24543271	11.21	fp	0
/mnt/c/Users/ethanshealy/Downloads/MA1528.1.meme	MA1528.1	NFIX	NC_019880.2:863012-863512	11.21	fp	0
/mnt/c/Users/ethanshealy/Downloads/MA1528.1.meme	MA1528.1	NFIX	NC_019876.2:29825210-29825710	11.20	fp	0
/mnt/c/Users/ethanshealy/Downloads/MA1528.1.meme	MA1528.1	NFIX	NC_019872.2:3331911-3332411	11.20	fp	0
/mnt/c/Users/ethanshealy/Downloads/MA1528.1.meme	MA1528.1	NFIX	NC_019875.2:31730167-31730667	11.19	tp	1
/mnt/c/Users/ethanshealy/Downloads/MA1528.1.meme	MA1528.1	NFIX	NC_019878.2:5807251-5807751	11.19	tp	0
/mnt/c/Users/ethanshealy/Downloads/MA1528.1.meme	MA1528.1	NFIX	NC_019882.2:12590773-12591273	11.19	fp	0
/mnt/c/Users/ethanshealy/Downloads/MA1528.1.meme	MA1528.1	NFIX	NC_019866.2:5324459-5324959	11.14	tp	0
/mnt/c/Users/ethanshealy/Downloads/MA1528.1.meme	MA1528.1	NFIX	NC_019866.2:5324464-5324964	11.14	tp	0
/mnt/c/Users/ethanshealy/Downloads/MA1528.1.meme	MA1528.1	NFIX	NC_019863.2:31493430-31493930	11.14	fp	0
/mnt/c/Users/ethanshealy/Downloads/MA1528.1.meme	MA1528.1	NFIX	NC_019882.2:8986249-8986749	11.14	tp	0
/mnt/c/Users/ethanshealy/Downloads/MA1528.1.meme	MA1528.1	NFIX	NC_019882.2:8986267-8986767	11.14	tp	0
/mnt/c/Users/ethanshealy/Downloads/MA1528.1.meme	MA1528.1	NFIX	NC_019882.2:8986237-8986737	11.14	tp	0
/mnt/c/Users/ethanshealy/Downloads/MA1528.1.meme	MA1528.1	NFIX	NC_019875.2:5831008-5831508	11.14	fp	0
/mnt/c/Users/ethanshealy/Downloads/MA1528.1.meme	MA1528.1	NFIX	NC_019866.2:9902886-9903386	11.14	tp	0
/mnt/c/Users/ethanshealy/Downloads/MA1528.1.meme	MA1528.1	NFIX	NC_019873.2:7737161-7737661	11.13	tp	0
/mnt/c/Users/ethanshealy/Downloads/MA1528.1.meme	MA1528.1	NFIX	NC_019864.2:24396289-24396789	11.12	tp	0
/mnt/c/Users/ethanshealy/Downloads/MA1528.1.meme	MA1528.1	NFIX	NC_019873.2:21558102-21558602	11.11	tp	1
/mnt/c/Users/ethanshealy/Downloads/MA1528.1.meme	MA1528.1	NFIX	NC_019865.2:28795030-28795530	11.11	fp	1
/mnt/c/Users/ethanshealy/Downloads/MA1528.1.meme	MA1528.1	NFIX	NC_019871.2:28304854-28305354	11.11	tp	0
/mnt/c/Users/ethanshealy/Downloads/MA1528.1.meme	MA1528.1	NFIX	NC_019869.2:27329069-27329569	11.11	fp	0
/mnt/c/Users/ethanshealy/Downloads/MA1528.1.meme	MA1528.1	NFIX	NC_019879.2:15875296-15875796	11.11	fp	0
/mnt/c/Users/ethanshealy/Downloads/MA1528.1.meme	MA1528.1	NFIX	NC_019859.2:37142233-37142733	11.10	tp	0
/mnt/c/Users/ethanshealy/Downloads/MA1528.1.meme	MA1528.1	NFIX	NC_019880.2:1950971-1951471	11.10	tp	0
/mnt/c/Users/ethanshealy/Downloads/MA1528.1.meme	MA1528.1	NFIX	NC_019882.2:10850965-10851465	11.10	fp	0
/mnt/c/Users/ethanshealy/Downloads/MA1528.1.meme	MA1528.1	NFIX	NC_019882.2:6190390-6190890	11.10	tp	0
/mnt/c/Users/ethanshealy/Downloads/MA1528.1.meme	MA1528.1	NFIX	NC_019863.2:26191342-26191842	11.09	tp	0
/mnt/c/Users/ethanshealy/Downloads/MA1528.1.meme	MA1528.1	NFIX	NC_019863.2:26191367-26191867	11.09	tp	0
/mnt/c/Users/ethanshealy/Downloads/MA1528.1.meme	MA1528.1	NFIX	NC_019863.2:26191575-26192075	11.09	tp	0
/mnt/c/Users/ethanshealy/Downloads/MA1528.1.meme	MA1528.1	NFIX	NC_019863.2:26191314-26191814	11.09	tp	0
/mnt/c/Users/ethanshealy/Downloads/MA1528.1.meme	MA1528.1	NFIX	NC_019863.2:26191364-26191864	11.09	tp	0
/mnt/c/Users/ethanshealy/Downloads/MA1528.1.meme	MA1528.1	NFIX	NC_019863.2:26191369-26191869	11.09	tp	0
/mnt/c/Users/ethanshealy/Downloads/MA1528.1.meme	MA1528.1	NFIX	NC_019863.2:26191381-26191881	11.09	tp	0
/mnt/c/Users/ethanshealy/Downloads/MA1528.1.meme	MA1528.1	NFIX	NC_019863.2:26191339-26191839	11.09	tp	0
/mnt/c/Users/ethanshealy/Downloads/MA1528.1.meme	MA1528.1	NFIX	NC_019863.2:26191447-26191947	11.09	tp	0
/mnt/c/Users/ethanshealy/Downloads/MA1528.1.meme	MA1528.1	NFIX	NC_019868.2:11658301-11658801	11.09	tp	0
/mnt/c/Users/ethanshealy/Downloads/MA1528.1.meme	MA1528.1	NFIX	NC_019868.2:11658112-11658612	11.09	tp	0
/mnt/c/Users/ethanshealy/Downloads/MA1528.1.meme	MA1528.1	NFIX	NC_019868.2:11658277-11658777	11.09	tp	0
/mnt/c/Users/ethanshealy/Downloads/MA1528.1.meme	MA1528.1	NFIX	NC_019869.2:19967913-19968413	11.09	tp	0
/mnt/c/Users/ethanshealy/Downloads/MA1528.1.meme	MA1528.1	NFIX	NC_019869.2:19967723-19968223	11.09	fp	0
/mnt/c/Users/ethanshealy/Downloads/MA1528.1.meme	MA1528.1	NFIX	NC_019875.2:29053333-29053833	11.07	fp	0
/mnt/c/Users/ethanshealy/Downloads/MA1528.1.meme	MA1528.1	NFIX	NC_019881.2:23281109-23281609	11.07	tp	0
/mnt/c/Users/ethanshealy/Downloads/MA1528.1.meme	MA1528.1	NFIX	NC_019881.2:23281146-23281646	11.07	tp	0
/mnt/c/Users/ethanshealy/Downloads/MA1528.1.meme	MA1528.1	NFIX	NC_019881.2:23281091-23281591	11.07	tp	0
/mnt/c/Users/ethanshealy/Downloads/MA1528.1.meme	MA1528.1	NFIX	NC_019881.2:23281070-23281570	11.07	tp	0
/mnt/c/Users/ethanshealy/Downloads/MA1528.1.meme	MA1528.1	NFIX	NC_019881.2:23281135-23281635	11.07	tp	0
/mnt/c/Users/ethanshealy/Downloads/MA1528.1.meme	MA1528.1	NFIX	NC_019874.2:13497738-13498238	11.05	tp	0
/mnt/c/Users/ethanshealy/Downloads/MA1528.1.meme	MA1528.1	NFIX	NC_019874.2:13497731-13498231	11.05	tp	0
/mnt/c/Users/ethanshealy/Downloads/MA1528.1.meme	MA1528.1	NFIX	NC_019874.2:13497715-13498215	11.05	tp	0
/mnt/c/Users/ethanshealy/Downloads/MA1528.1.meme	MA1528.1	NFIX	NC_019879.2:387841-388341	11.05	fp	0
/mnt/c/Users/ethanshealy/Downloads/MA1528.1.meme	MA1528.1	NFIX	NC_019875.2:2152256-2152756	11.04	fp	0
/mnt/c/Users/ethanshealy/Downloads/MA1528.1.meme	MA1528.1	NFIX	NC_019863.2:6632610-6633110	11.04	tp	1
/mnt/c/Users/ethanshealy/Downloads/MA1528.1.meme	MA1528.1	NFIX	NC_019866.2:16890317-16890817	11.04	fp	0
/mnt/c/Users/ethanshealy/Downloads/MA1528.1.meme	MA1528.1	NFIX	NC_019880.2:15027507-15028007	11.03	tp	0
/mnt/c/Users/ethanshealy/Downloads/MA1528.1.meme	MA1528.1	NFIX	NC_019882.2:5303531-5304031	11.02	fp	0
/mnt/c/Users/ethanshealy/Downloads/MA1528.1.meme	MA1528.1	NFIX	NC_019866.2:25009334-25009834	11.02	tp	0
/mnt/c/Users/ethanshealy/Downloads/MA1528.1.meme	MA1528.1	NFIX	NC_019866.2:25009370-25009870	11.02	tp	0
/mnt/c/Users/ethanshealy/Downloads/MA1528.1.meme	MA1528.1	NFIX	NC_019866.2:25009360-25009860	11.02	tp	1
/mnt/c/Users/ethanshealy/Downloads/MA1528.1.meme	MA1528.1	NFIX	NC_019882.2:17024763-17025263	11.01	tp	0
/mnt/c/Users/ethanshealy/Downloads/MA1528.1.meme	MA1528.1	NFIX	NC_019867.2:17412420-17412920	11.00	tp	0
/mnt/c/Users/ethanshealy/Downloads/MA1528.1.meme	MA1528.1	NFIX	NC_019882.2:13654919-13655419	11.00	tp	0
/mnt/c/Users/ethanshealy/Downloads/MA1528.1.meme	MA1528.1	NFIX	NC_019874.2:32234825-32235325	11.00	fp	0
/mnt/c/Users/ethanshealy/Downloads/MA1528.1.meme	MA1528.1	NFIX	NC_019861.2:2008793-2009293	10.98	tp	0
/mnt/c/Users/ethanshealy/Downloads/MA1528.1.meme	MA1528.1	NFIX	NC_019864.2:31098982-31099482	10.98	fp	0
/mnt/c/Users/ethanshealy/Downloads/MA1528.1.meme	MA1528.1	NFIX	NC_019864.2:31099009-31099509	10.98	fp	0
/mnt/c/Users/ethanshealy/Downloads/MA1528.1.meme	MA1528.1	NFIX	NC_019870.2:9754663-9755163	10.98	tp	0
/mnt/c/Users/ethanshealy/Downloads/MA1528.1.meme	MA1528.1	NFIX	NC_019870.2:9754648-9755148	10.98	tp	0
/mnt/c/Users/ethanshealy/Downloads/MA1528.1.meme	MA1528.1	NFIX	NC_019870.2:9754568-9755068	10.98	tp	0
/mnt/c/Users/ethanshealy/Downloads/MA1528.1.meme	MA1528.1	NFIX	NC_019870.2:9754617-9755117	10.98	tp	0
/mnt/c/Users/ethanshealy/Downloads/MA1528.1.meme	MA1528.1	NFIX	NC_019870.2:9754681-9755181	10.98	tp	0
/mnt/c/Users/ethanshealy/Downloads/MA1528.1.meme	MA1528.1	NFIX	NC_019870.2:9754671-9755171	10.98	tp	0
/mnt/c/Users/ethanshealy/Downloads/MA1528.1.meme	MA1528.1	NFIX	NC_019866.2:1449202-1449702	10.97	tp	0
/mnt/c/Users/ethanshealy/Downloads/MA1528.1.meme	MA1528.1	NFIX	NC_019859.2:26532829-26533329	10.97	fp	0
/mnt/c/Users/ethanshealy/Downloads/MA1528.1.meme	MA1528.1	NFIX	NC_019859.2:11042123-11042623	10.95	tp	0
/mnt/c/Users/ethanshealy/Downloads/MA1528.1.meme	MA1528.1	NFIX	NC_019861.2:3626545-3627045	10.95	tp	0
/mnt/c/Users/ethanshealy/Downloads/MA1528.1.meme	MA1528.1	NFIX	NC_019870.2:13398619-13399119	10.93	tp	0
/mnt/c/Users/ethanshealy/Downloads/MA1528.1.meme	MA1528.1	NFIX	NC_019870.2:13398603-13399103	10.93	tp	1
